Date:Delay,Count
2020-04-01:1,22.290255093074506
2020-04-02:1,20.43001246959443
2020-04-03:1,20.228221822086937
2020-04-04:1,20.208022852063337
2020-04-05:1,17.34016714127035
2020-04-06:1,14.50918616398085
2020-04-07:1,12.9598385084767
2020-04-08:1,11.27940959170332
2020-04-09:1,10.970591295587063
2020-04-10:1,11.048769457012106
2020-04-11:1,12.23184790313578
2020-04-12:1,13.62212961280835
2020-04-13:1,14.793623255873207
2020-04-14:1,16.26382259717858
2020-04-15:1,18.361982650583542
2020-04-16:1,18.329392526117445
2020-04-17:1,18.345006666624734
2020-04-18:1,24.52315992988703
2020-04-19:1,25.900917123797797
2020-04-20:1,58.93482976625728
2020-04-21:1,24.014295963796002
2020-04-22:1,25.171978045774182
2020-04-23:1,37.4050214891526
2020-04-24:1,33.05655044848386
2020-04-25:1,31.329337931941637
2020-04-26:1,38.85954562587396
2020-04-27:1,37.842362007472815
2020-04-28:1,31.76595534649016
2020-04-29:1,35.15143165049423
2020-04-30:1,33.41392523271796
2020-05-01:1,32.577869407865435
2020-05-02:1,33.635505364426294
2020-05-03:1,33.942245678801754
2020-05-04:1,33.216778221051854
2020-05-05:1,30.270048402398672
2020-05-06:1,27.276249041388652
2020-05-07:1,25.742399138272248
2020-05-08:1,26.6334893861211
2020-05-09:1,26.340862243933827
2020-05-10:1,28.0206134015596
2020-05-11:1,26.394025295209815
2020-05-12:1,25.155776018686964
2020-05-13:1,23.335125462289483
2020-05-14:1,22.556654630129742
2020-05-15:1,21.84676839741286
2020-05-16:1,27.61036183875939
2020-05-17:1,26.97744687119996
2020-05-18:1,25.44965823548756
2020-05-19:1,27.00416667701984
2020-05-20:1,23.549586847437354
2020-05-21:1,21.695910260376763
2020-05-22:1,20.856468877019097
2020-05-23:1,17.929013888669715
2020-05-24:1,18.070545732718074
2020-05-25:1,17.697214642831796
2020-05-26:1,16.83927915715367
2020-05-27:1,17.574096203496993
2020-05-28:1,15.687843383051359
2020-05-29:1,12.99555215019271
2020-05-30:1,11.112735005968943
2020-05-31:1,9.965428166588737
2020-06-01:1,9.616361740847196
2020-06-02:1,11.59501673412069
2020-06-03:1,10.607418623251988
2020-06-04:1,13.690204367650495
2020-06-05:1,11.627180909772505
2020-06-06:1,9.080317640981889
2020-06-07:1,9.621771981567235
2020-06-08:1,9.136101154849314
2020-06-09:1,8.583979844369082
2020-06-10:1,9.001456097532639
2020-06-11:1,9.919020319742344
2020-06-12:1,11.45426935913622
2020-06-13:1,13.542237603594003
2020-06-14:1,14.938111958774698
2020-06-15:1,15.7380303435948
2020-06-16:1,17.019476938013668
2020-06-17:1,15.023174554376283
2020-06-18:1,18.380453453107748
2020-06-19:1,14.544944289558885
2020-06-20:1,12.112594658313284
2020-06-21:1,11.037816823625917
2020-06-22:1,9.654799342133174
2020-06-23:1,10.340608535090155
2020-06-24:1,11.179095479662351
2020-06-25:1,11.739717643588449
2020-06-26:1,14.480683165087981
2020-06-27:1,12.953820746230093
2020-06-28:1,12.485047019997964
2020-06-29:1,12.766819226011847
2020-06-30:1,10.154455797456535
2020-07-01:1,9.720689241313153
2020-07-02:1,11.602060232045744
2020-07-03:1,9.191033128918207
2020-07-04:1,10.214569846175777
2020-07-05:1,10.356493058258309
2020-07-06:1,11.115432693933997
2020-07-07:1,10.174233069331365
2020-07-08:1,11.06574657178551
2020-07-09:1,13.937857104790055
2020-07-10:1,17.436767172493546
2020-07-11:1,22.883014244566766
2020-07-12:1,25.18951742314266
2020-07-13:1,25.188156159537357
2020-07-14:1,20.402833870484017
2020-07-15:1,18.908377423717013
2020-07-16:1,20.617852545643927
2020-07-17:1,20.793989554777
2020-07-18:1,25.053592889111087
2020-07-19:1,34.62579428601066
2020-07-20:1,30.650815253609835
2020-07-21:1,47.59993440787048
2020-07-22:1,40.252384128370636
2020-07-23:1,40.02118969402437
2020-07-24:1,36.83702607342805
2020-07-25:1,32.38428275189506
2020-07-26:1,33.54398159642221
2020-07-27:1,30.0687918798875
2020-07-28:1,25.956531794011426
2020-07-29:1,24.1232453344478
2020-07-30:1,28.840034138352962
2020-07-31:1,27.6127270748716
2020-08-01:1,35.60476378872721
2020-08-02:1,38.31293537108684
2020-08-03:1,36.02908293262158
2020-08-04:1,38.12444011330916
2020-08-05:1,38.981753971297735
2020-08-06:1,45.1229148602155
2020-08-07:1,48.11113099497611
2020-08-08:1,52.94167018960957
2020-08-09:1,51.45277677090361
2020-08-10:1,47.27043253454384
2020-08-11:1,49.90762409534619
2020-08-12:1,50.45260073221215
2020-08-13:1,70.83797680077771
2020-08-14:1,82.65348616685662
2020-08-15:1,94.4397701641052
2020-08-16:1,97.17986479213573
2020-08-17:1,93.28616770118037
2020-08-18:1,107.57299969176154
2020-08-19:1,100.59943138207234
2020-08-20:1,87.86763335561625
2020-08-21:1,85.45002381290243
2020-08-22:1,88.22535636517819
2020-08-23:1,95.61957690378676
2020-08-24:1,91.11439936485465
2020-08-25:1,91.129671352439
2020-08-26:1,74.5199024741645
2020-08-27:1,67.41471226663441
2020-08-28:1,62.93672363759629
2020-08-29:1,78.95974800962915
2020-08-30:1,80.15455374427881
2020-08-31:1,86.62731889167867
2020-09-01:1,86.82460598056446
2020-09-02:1,71.7597468525513
2020-09-03:1,80.8086543322554
2020-09-04:1,81.43028033187602
2020-09-05:1,93.74888419554313
2020-09-06:1,103.41042054418632
2020-09-07:1,106.98197774960488
2020-09-08:1,108.28405327633186
2020-09-09:1,117.32632326962326
2020-09-10:1,116.32012973403607
2020-09-11:1,130.15615334387314
2020-09-12:1,137.2022542272028
2020-09-13:1,136.8608825819054
2020-09-14:1,130.89955627790889
2020-09-15:1,117.91444236209765
2020-09-16:1,113.47246635294728
2020-09-17:1,115.98562193479052
2020-09-18:1,136.70919245097875
2020-09-19:1,159.75934435200134
2020-09-20:1,145.74865060877886
2020-09-21:1,136.44430325012743
2020-09-22:1,138.46414583017355
2020-09-23:1,120.42373762412961
2020-09-24:1,110.22756199408076
2020-09-25:1,121.49445327760424
2020-09-26:1,114.78622240767811
2020-09-27:1,98.91350718578246
2020-09-28:1,104.615147678227
2020-09-29:1,85.33974746504225
2020-09-30:1,81.83140300718594
2020-10-01:1,91.29014046356224
2020-10-02:1,84.79366879426539
2020-10-03:1,102.19927390234363
2020-10-04:1,109.08259839065263
2020-10-05:1,108.20936838924291
2020-10-06:1,104.69599795424327
2020-10-07:1,101.8817771099848
2020-10-08:1,109.91336213086447
2020-10-09:1,112.25182325465457
2020-10-10:1,113.19354917832842
2020-10-11:1,128.18200368250183
2020-10-12:1,134.1341519853804
2020-10-13:1,131.45020225572188
2020-10-14:1,154.760683953514
2020-10-15:1,172.58860945494166
2020-10-16:1,174.18466081101474
2020-10-17:1,174.49382110830356
2020-10-18:1,168.8679263253423
2020-10-19:1,164.4301693752392
2020-10-20:1,190.35223665356727
2020-10-21:1,183.6770330147059
2020-10-22:1,200.88349497364186
2020-10-23:1,251.17504100121982
2020-10-24:1,251.8326276607063
2020-10-25:1,276.5646266896156
2020-10-26:1,283.37027452073266
2020-10-27:1,343.85226647004276
2020-10-28:1,299.9438354421078
2020-10-29:1,311.8375462762507
2020-10-30:1,286.9991648318119
2020-10-31:1,291.89348599816003
2020-11-01:1,308.4426706847156
2020-11-02:1,328.2419531829672
2020-11-03:1,408.36797079169696
2020-11-04:1,356.8165047415339
2020-11-05:1,353.36587853044784
2020-11-06:1,393.9459466026706
2020-11-07:1,513.2790133135337
2020-11-08:1,587.7727183934342
2020-11-09:1,563.8588339814066
2020-11-10:1,596.5947745421917
2020-11-11:1,593.9941814746614
2020-11-12:1,571.8455022012781
2020-11-13:1,629.6084142843144
2020-11-14:1,651.8617602355084
2020-11-15:1,653.0123654105552
2020-11-16:1,654.5335576139123
2020-11-17:1,738.4282803068752
2020-11-18:1,727.4753219533709
2020-11-19:1,805.3801405411617
2020-11-20:1,686.0301516268191
2020-11-21:1,604.4922733239771
2020-11-22:1,640.0055791333402
2020-11-23:1,631.3541501374891
2020-11-24:1,556.6895760905104
2020-11-25:1,574.8008540516471
2020-11-26:1,624.8913517947551
2020-11-27:1,716.6852266691977
2020-11-28:1,804.5965673820745
2020-11-29:1,791.6215404466708
2020-11-30:1,777.1933738667109
2020-12-01:1,730.3586381792524
2020-12-02:1,690.8075159891954
2020-12-03:1,748.2850111835508
2020-12-04:1,740.079982242301
2020-12-05:1,735.7548876421032
2020-12-06:1,703.4571656104704
2020-12-07:1,705.1541356231277
2020-12-08:1,659.2925677549869
2020-12-09:1,622.4699589887332
2020-12-10:1,608.2765272386464
2020-12-11:1,628.6205845677557
2020-12-12:1,646.9599190661162
2020-12-13:1,661.12341357173
2020-12-14:1,666.0415800054819
2020-12-15:1,658.2465104833434
2020-12-16:1,600.6367768586725
2020-12-17:1,589.4478631422783
2020-12-18:1,577.5337391072353
2020-12-19:1,581.0869331500949
2020-12-20:1,609.1429665063464
2020-12-21:1,582.4105917506947
2020-12-22:1,537.3845224032594
2020-12-23:1,519.7373142135709
2020-12-24:1,515.1080660948666
2020-12-25:1,525.889874055793
2020-12-26:1,512.6619683112906
2020-12-27:1,487.3360632583692
2020-12-28:1,473.50944851654776
2020-12-29:1,464.6373179202892
2020-12-30:1,364.12498835967654
2020-12-31:1,389.7268309231441
2021-01-01:1,449.42592759274123
2021-01-02:1,485.69814102815474
2021-01-03:1,514.5942530374336
2021-01-04:1,515.4240362563614
2021-01-05:1,520.9231778581743
2021-01-06:1,508.5164778564358
2021-01-07:1,575.4893685792158
2021-01-08:1,682.0203409631085
2021-01-09:1,698.2364619848777
2021-01-10:1,652.0125919499878
2021-01-11:1,618.9952571008962
2021-01-12:1,625.7884052961117
2021-01-13:1,563.5778483635136
2021-01-14:1,564.2676794267595
2021-01-15:1,555.6279249625163
2021-01-16:1,530.7482384312317
2021-01-17:1,535.6805963236244
2021-01-18:1,506.21256129783524
2021-01-19:1,426.8583547862245
2021-01-20:1,400.65342440637687
2021-01-21:1,410.85878967959525
2021-01-22:1,432.6414950570088
2021-01-23:1,431.34715773421885
2021-01-24:1,454.64320824263996
2021-01-25:1,459.05271594652277
2021-01-26:1,403.42361002414964
2021-01-27:1,397.6524533074198
2021-01-28:1,437.9826892689597
2021-01-29:1,475.4487035702573
2021-01-30:1,479.7536132098671
2021-01-31:1,461.48576886531464
2021-02-01:1,461.69922062490355
2021-02-02:1,422.64542932089626
2021-02-03:1,431.1564781666475
2021-02-04:1,444.5612499539393
2021-02-05:1,452.0679025466725
2021-02-06:1,437.77949806461197
2021-02-07:1,426.67431455530823
2021-02-08:1,431.95730896152725
2021-02-09:1,394.754113997948
2021-02-10:1,409.1020367595286
2021-02-11:1,430.82742014160044
2021-02-12:1,434.74628961044846
2021-02-13:1,433.48923544152103
2021-02-14:1,436.3560249058331
2021-02-15:1,428.5482137089475
2021-02-16:1,413.701717507849
2021-02-17:1,403.3183639858512
2021-02-18:1,416.0280729373176
2021-02-19:1,492.9508118244321
2021-02-20:1,504.5236944561111
2021-02-21:1,502.3712089018609
2021-02-22:1,492.11926968407806
2021-02-23:1,505.61283700035165
2021-02-24:1,563.1669737044977
2021-02-25:1,549.3726350446905
2021-02-26:1,506.8233704741788
2021-02-27:1,533.7133554481388
2021-02-28:1,525.6199145330838
2021-03-01:1,521.2736093032465
2021-03-02:1,506.4795878461596
2021-03-03:1,504.0981263695629
2021-03-04:1,520.2859043992827
2021-03-05:1,542.6724171928258
2021-03-06:1,580.5219704799702
2021-03-07:1,564.9019665676215
2021-03-08:1,555.8016995993324
2021-03-09:1,513.0291709831772
2021-03-10:1,531.1778183468905
2021-03-11:1,528.7068349929923
2021-03-12:1,535.7481233105445
2021-03-13:1,570.276933863905
2021-03-14:1,563.7695254647301
2021-03-15:1,545.193017855313
2021-03-16:1,513.8998980905353
2021-03-17:1,529.8978512884905
2021-03-18:1,541.2633337762046
2021-03-19:1,578.2625938991314
2021-03-20:1,628.9159841906721
2021-03-21:1,605.2582357553952
2021-03-22:1,602.2515955954723
2021-03-23:1,634.0012657932612
2021-03-24:1,657.1375340921322
2021-03-25:1,686.0941309463269
2021-03-26:1,753.6417326387509
2021-03-27:1,862.9511961817643
2021-03-28:1,883.3185819796454
2021-03-29:1,862.9143331005507
2021-03-30:1,984.1520764906636
2021-03-31:1,985.3383283677867
2021-04-01:1,1070.6940193972932
2021-04-02:1,1022.6344147637592
2021-04-03:1,1090.1573954226697
2021-04-04:1,1128.5852189148045
2021-04-05:1,1079.593975593451
2021-04-06:1,1025.1525686743234
2021-04-07:1,1140.1125719459915
2021-04-08:1,1095.5466474245932
2021-04-09:1,1205.5095921236243
2021-04-10:1,1262.088473389552
2021-04-11:1,1257.5291026048953
2021-04-12:1,1194.4655127012084
2021-04-13:1,1172.1540201329153
2021-04-14:1,1041.9538011067962
2021-04-15:1,1067.9097802111428
2021-04-16:1,1109.1130019256652
2021-04-17:1,1057.2893324013821
2021-04-18:1,1037.416556576467
2021-04-19:1,1015.2475788795564
2021-04-20:1,930.8280299588187
2021-04-21:1,869.1349608979799
2021-04-22:1,836.3833735086446
2021-04-23:1,849.2262494715887
2021-04-24:1,856.2717575298575
2021-04-25:1,855.7600250088981
2021-04-26:1,847.6633601149879
2021-04-27:1,723.0224772162692
2021-04-28:1,712.2231170919385
2021-04-29:1,720.5645816809247
2021-04-30:1,718.3161922213585
2021-05-01:1,711.8216303990794
2021-05-02:1,739.4272541963228
2021-05-03:1,724.1785899648876
2021-05-04:1,638.7745797033222
2021-05-05:1,651.3549652389238
2021-05-06:1,626.7412057634947
2021-05-07:1,642.7724951571361
2021-05-08:1,636.277322718393
2021-05-09:1,617.6439321995406
2021-05-10:1,604.2640818102755
2021-05-11:1,535.2845715029798
2021-05-12:1,527.2187382214738
2021-05-13:1,551.2199937201676
2021-05-14:1,540.9150388491462
2021-05-15:1,501.84192233481645
2021-05-16:1,488.0609718454234
2021-05-17:1,486.07299395619884
2021-05-18:1,429.612099666203
2021-05-19:1,402.8968415960371
2021-05-20:1,420.49479898860034
2021-05-21:1,403.00276508349225
2021-05-22:1,386.6126278713841
2021-05-23:1,371.3710053028244
2021-05-24:1,360.9403306149434
2021-05-25:1,349.0423371730467
2021-05-26:1,290.4345120682465
2021-05-27:1,271.3873733154069
2021-05-28:1,273.987010332261
2021-05-29:1,261.50102684413105
2021-05-30:1,260.81254031461503
2021-05-31:1,250.1946360326874
2021-06-01:1,206.9051097673837
2021-06-02:1,197.42244907106578
2021-06-03:1,183.57429982255417
2021-06-04:1,184.63278013668514
2021-06-05:1,173.02785407345073
2021-06-06:1,175.0450564439525
2021-06-07:1,168.16032696326874
2021-06-08:1,133.40079468710974
2021-06-09:1,136.78033564387988
2021-06-10:1,137.9640705670572
2021-06-11:1,130.24001173120723
2021-06-12:1,124.96438217837022
2021-06-13:1,118.99220458795025
2021-06-14:1,119.36300632858365
2021-06-15:1,94.16696182279338
2021-06-16:1,100.00188918656931
2021-06-17:1,101.58309897788422
2021-06-18:1,88.49964867407107
2021-06-19:1,88.2104600955713
2021-06-20:1,85.01583023149578
2021-06-21:1,84.68334697699174
2021-06-22:1,64.56837263306079
2021-06-23:1,61.54941186671931
2021-06-24:1,73.00580912339501
2021-06-25:1,79.0331251512107
2021-06-26:1,68.9786166488484
2021-06-27:1,62.40991873488019
2021-06-28:1,59.06677371911792
2021-06-29:1,46.77376340418414
2021-06-30:1,41.4654131931311
2021-07-01:1,40.02243800793076
2021-07-02:1,41.37866057253268
2021-07-03:1,33.56586649187375
2021-07-04:1,32.25430202734424
2021-07-05:1,30.267079313402064
2021-07-06:1,22.74042574869236
2021-07-07:1,30.529867719337744
2021-07-08:1,31.354539428801218
2021-07-09:1,34.97492825851077
2021-07-10:1,32.12373503303388
2021-07-11:1,29.02506950404495
2021-07-12:1,33.50295487030235
2021-07-13:1,27.115286861589993
2021-07-14:1,39.28244350256864
2021-07-15:1,42.85117326898035
2021-07-16:1,50.078564854804426
2021-07-17:1,49.49737033830024
2021-07-18:1,49.83926088816952
2021-07-19:1,51.20621177519206
2021-07-20:1,52.44330563151743
2021-07-21:1,50.93270968552679
2021-07-22:1,88.99884998169728
2021-07-23:1,100.33032777486369
2021-07-24:1,123.56742326682433
2021-07-25:1,109.3049388085492
2021-07-26:1,99.595490955282
2021-07-27:1,132.10035131732002
2021-07-28:1,168.30256266356446
2021-07-29:1,218.22541168238968
2021-07-30:1,258.74916105903685
2021-07-31:1,250.9552920004353
2021-08-01:1,221.34773742500693
2021-08-02:1,215.28517892351374
2021-08-03:1,209.37559716310352
2021-08-04:1,434.3615357601084
2021-08-05:1,440.08514031756204
2021-08-06:1,502.4554199830163
2021-08-07:1,579.6640791725949
2021-08-08:1,493.8487102246436
2021-08-09:1,448.05334580097406
2021-08-10:1,407.54468151826586
2021-08-11:1,533.835153832435
2021-08-12:1,582.2555556000516
2021-08-13:1,577.358346425739
2021-08-14:1,714.6598876249582
2021-08-15:1,624.8257736122905
2021-08-16:1,564.0728985743772
2021-08-17:1,545.1587338497338
2021-08-18:1,506.21203520850395
2021-08-19:1,495.7566605185566
2021-08-20:1,542.7896310345677
2021-08-21:1,587.3989577781176
2021-08-22:1,644.3554209184076
2021-08-23:1,616.3552709742507
2021-08-24:1,528.4804510963149
2021-08-25:1,563.6375208649843
2021-08-26:1,607.5976389392308
2021-08-27:1,646.8705216482776
2021-08-28:1,737.3766958225024
2020-04-01:3,23.884027623243156
2020-04-02:3,15.939878900663494
2020-04-03:3,20.940332537276483
2020-04-04:3,20.318661092334736
2020-04-05:3,10.829870134449564
2020-04-06:3,3.6163964358736607
2020-04-07:3,8.545193647932436
2020-04-08:3,8.370977025247264
2020-04-09:3,11.380289962100541
2020-04-10:3,13.438683079375942
2020-04-11:3,13.589250494282481
2020-04-12:3,15.118734568118839
2020-04-13:3,14.120501077801812
2020-04-14:3,13.961480496011951
2020-04-15:3,16.350744026167256
2020-04-16:3,19.374719914511722
2020-04-17:3,17.96378760119117
2020-04-18:3,24.2679274657973
2020-04-19:3,25.34611667014987
2020-04-20:3,25.665572914295282
2020-04-21:3,25.32582260003042
2020-04-22:3,109.17086891581675
2020-04-23:3,66.52019951839307
2020-04-24:3,48.581736726079555
2020-04-25:3,41.554059807510356
2020-04-26:3,49.91520375110669
2020-04-27:3,47.509787693865945
2020-04-28:3,40.14658436868777
2020-04-29:3,38.48443955632095
2020-04-30:3,36.05222087248535
2020-05-01:3,34.70641707924881
2020-05-02:3,33.39201561813887
2020-05-03:3,32.70523488280752
2020-05-04:3,31.049145259145334
2020-05-05:3,27.189621499644147
2020-05-06:3,23.62781738213033
2020-05-07:3,20.920050798609196
2020-05-08:3,21.986250481774533
2020-05-09:3,22.190877902214993
2020-05-10:3,20.850071377104854
2020-05-11:3,18.628598995485362
2020-05-12:3,22.318748811527826
2020-05-13:3,20.12689033899619
2020-05-14:3,19.263681832487862
2020-05-15:3,18.620893720717902
2020-05-16:3,17.77276109611006
2020-05-17:3,17.51730037683285
2020-05-18:3,26.79665040978142
2020-05-19:3,25.149925941646472
2020-05-20:3,22.90251526091049
2020-05-21:3,20.819297235042995
2020-05-22:3,20.65226564705722
2020-05-23:3,19.1089793122012
2020-05-24:3,15.699534194663556
2020-05-25:3,17.174303744425174
2020-05-26:3,17.810903803187557
2020-05-27:3,15.896424563473829
2020-05-28:3,15.591433611639786
2020-05-29:3,15.484841165279931
2020-05-30:3,14.40190059915642
2020-05-31:3,11.26279513077202
2020-06-01:3,9.633318483201265
2020-06-02:3,8.62076314797514
2020-06-03:3,7.373232499137998
2020-06-04:3,8.061597104325529
2020-06-05:3,7.699372508878241
2020-06-06:3,5.742191611578733
2020-06-07:3,8.163102206226966
2020-06-08:3,7.599259210906439
2020-06-09:3,8.05869460067592
2020-06-10:3,8.738790228460743
2020-06-11:3,8.914832366599398
2020-06-12:3,10.804053184397617
2020-06-13:3,12.88707430320028
2020-06-14:3,13.956447164857536
2020-06-15:3,14.730642887300405
2020-06-16:3,11.997322335833587
2020-06-17:3,11.595553424224079
2020-06-18:3,13.606440415462515
2020-06-19:3,11.292270400215557
2020-06-20:3,8.773017771082095
2020-06-21:3,8.835610583437074
2020-06-22:3,7.413997346821134
2020-06-23:3,9.997599518490233
2020-06-24:3,10.699009480854443
2020-06-25:3,10.696531760930498
2020-06-26:3,13.41740784627379
2020-06-27:3,12.25519455289907
2020-06-28:3,11.98733431606476
2020-06-29:3,12.61139236167321
2020-06-30:3,9.388385126509775
2020-07-01:3,9.548612565420854
2020-07-02:3,10.461975242070139
2020-07-03:3,8.031426070001999
2020-07-04:3,9.024863641400316
2020-07-05:3,9.596214074377656
2020-07-06:3,10.830488550110886
2020-07-07:3,10.159915802753943
2020-07-08:3,10.692811019179302
2020-07-09:3,12.704819882144761
2020-07-10:3,15.889503022101053
2020-07-11:3,20.44920187009211
2020-07-12:3,23.23748099881186
2020-07-13:3,25.17690149223563
2020-07-14:3,21.008905691430186
2020-07-15:3,19.29904200501096
2020-07-16:3,21.09687573140343
2020-07-17:3,20.54208489631725
2020-07-18:3,24.535587990354202
2020-07-19:3,37.11454343323203
2020-07-20:3,34.938048674903484
2020-07-21:3,34.42691158975458
2020-07-22:3,33.086397215112356
2020-07-23:3,47.45594523152886
2020-07-24:3,39.293972307776755
2020-07-25:3,32.98270043853279
2020-07-26:3,34.57337684274762
2020-07-27:3,28.251235830902942
2020-07-28:3,26.292531848935596
2020-07-29:3,25.653730275324733
2020-07-30:3,25.842553735267757
2020-07-31:3,25.105941876536235
2020-08-01:3,33.533568667441614
2020-08-02:3,37.191594765557
2020-08-03:3,34.5927967836335
2020-08-04:3,38.793513349097736
2020-08-05:3,36.36014666945238
2020-08-06:3,38.949397621945025
2020-08-07:3,45.42159967107448
2020-08-08:3,51.55169973653341
2020-08-09:3,52.789198655487795
2020-08-10:3,47.47539276429288
2020-08-11:3,46.120501038731504
2020-08-12:3,46.72373238095227
2020-08-13:3,64.84911838216175
2020-08-14:3,75.37941823677227
2020-08-15:3,90.21939441006816
2020-08-16:3,107.05777468201177
2020-08-17:3,109.11205760198152
2020-08-18:3,84.72246733648171
2020-08-19:3,83.8110860783105
2020-08-20:3,91.74621274248949
2020-08-21:3,85.18426245235213
2020-08-22:3,87.9221470519168
2020-08-23:3,98.86613688261463
2020-08-24:3,92.68038350077927
2020-08-25:3,87.93600094601061
2020-08-26:3,79.96551363746244
2020-08-27:3,66.80376820380161
2020-08-28:3,62.19839654417342
2020-08-29:3,84.40729149520513
2020-08-30:3,82.83678254470829
2020-08-31:3,88.97704936297498
2020-09-01:3,93.84052377875031
2020-09-02:3,84.62363364198666
2020-09-03:3,86.94541279390216
2020-09-04:3,87.12222456811139
2020-09-05:3,99.6967665516008
2020-09-06:3,109.90985697122709
2020-09-07:3,116.23393907455144
2020-09-08:3,115.25550641809895
2020-09-09:3,108.61939430353775
2020-09-10:3,108.41904233674973
2020-09-11:3,131.43662680035607
2020-09-12:3,136.86704721288254
2020-09-13:3,143.55834911981356
2020-09-14:3,136.8533410946057
2020-09-15:3,108.62760724462498
2020-09-16:3,106.60298297374135
2020-09-17:3,105.84387296242784
2020-09-18:3,128.00702242354862
2020-09-19:3,149.05031982567243
2020-09-20:3,143.63108573147653
2020-09-21:3,132.8140292870411
2020-09-22:3,130.29785756797577
2020-09-23:3,120.86579785181459
2020-09-24:3,107.04547891850103
2020-09-25:3,123.12577840726044
2020-09-26:3,115.82277233641719
2020-09-27:3,93.7988129754408
2020-09-28:3,100.22023819916217
2020-09-29:3,91.44012749992044
2020-09-30:3,93.76028592084765
2020-10-01:3,93.29298758883408
2020-10-02:3,85.17830970000244
2020-10-03:3,105.29398667318715
2020-10-04:3,110.9586415919842
2020-10-05:3,108.07175666950998
2020-10-06:3,111.13663977085426
2020-10-07:3,109.46385009936859
2020-10-08:3,112.23915237175294
2020-10-09:3,115.61025231477856
2020-10-10:3,116.60886681009492
2020-10-11:3,134.62874591131447
2020-10-12:3,144.58458418699763
2020-10-13:3,137.8324365124089
2020-10-14:3,133.10218918110468
2020-10-15:3,140.07484639200902
2020-10-16:3,177.50486461774153
2020-10-17:3,175.49090950365326
2020-10-18:3,175.0674858256549
2020-10-19:3,173.02337262759613
2020-10-20:3,172.48499931915376
2020-10-21:3,169.67332488586112
2020-10-22:3,200.35229012231264
2020-10-23:3,247.4967044509399
2020-10-24:3,250.5237619241101
2020-10-25:3,305.24449053048943
2020-10-26:3,331.79458036208007
2020-10-27:3,284.1220010968201
2020-10-28:3,267.3824432999629
2020-10-29:3,337.23331596147773
2020-10-30:3,291.66827195775545
2020-10-31:3,295.47775876856593
2020-11-01:3,323.06260292236755
2020-11-02:3,360.65934095162606
2020-11-03:3,366.70020937473873
2020-11-04:3,348.17230609187413
2020-11-05:3,397.36545792759784
2020-11-06:3,425.40213905213915
2020-11-07:3,529.5124897110184
2020-11-08:3,593.7114587508602
2020-11-09:3,631.6788960624735
2020-11-10:3,600.2939134221585
2020-11-11:3,569.3558559117132
2020-11-12:3,618.4242022122733
2020-11-13:3,631.714385000115
2020-11-14:3,623.5324127525539
2020-11-15:3,687.2958338609892
2020-11-16:3,700.5083280905644
2020-11-17:3,679.7284444566208
2020-11-18:3,690.9764394036813
2020-11-19:3,794.8895271964033
2020-11-20:3,666.9212058193698
2020-11-21:3,571.1289546487005
2020-11-22:3,621.6657456276869
2020-11-23:3,599.2436321755956
2020-11-24:3,591.9817307841981
2020-11-25:3,619.0762664322722
2020-11-26:3,587.8796620773353
2020-11-27:3,684.8750208673414
2020-11-28:3,786.0270725854893
2020-11-29:3,785.7034216687033
2020-11-30:3,769.5303758397437
2020-12-01:3,708.3371433929727
2020-12-02:3,695.34328316896
2020-12-03:3,709.9933275693521
2020-12-04:3,711.1287075213882
2020-12-05:3,710.9129164626945
2020-12-06:3,672.2177347298284
2020-12-07:3,671.4916572642984
2020-12-08:3,662.2111408372983
2020-12-09:3,644.0549040336205
2020-12-10:3,588.8219727393598
2020-12-11:3,622.4128863894117
2020-12-12:3,647.8681688136679
2020-12-13:3,654.2175834863854
2020-12-14:3,653.7379568764251
2020-12-15:3,681.637939073798
2020-12-16:3,648.0592173867263
2020-12-17:3,605.8582729961652
2020-12-18:3,593.967598824586
2020-12-19:3,598.8808241859456
2020-12-20:3,623.3772626744334
2020-12-21:3,575.6900258425178
2020-12-22:3,569.8106471954211
2020-12-23:3,551.5820894052997
2020-12-24:3,521.3048670924471
2020-12-25:3,542.005270630036
2020-12-26:3,516.7576979863741
2020-12-27:3,468.62573929193945
2020-12-28:3,452.7393192804162
2020-12-29:3,446.9882275540732
2020-12-30:3,440.1341911754081
2020-12-31:3,449.5651736051817
2021-01-01:3,393.1286646507241
2021-01-02:3,430.5954256554055
2021-01-03:3,468.69664027003864
2021-01-04:3,482.9799042462082
2021-01-05:3,494.01684806220476
2021-01-06:3,483.3628376488871
2021-01-07:3,524.9578283335622
2021-01-08:3,660.5985960878324
2021-01-09:3,680.9799988383165
2021-01-10:3,669.4566927342239
2021-01-11:3,640.9654124665149
2021-01-12:3,577.2033626790444
2021-01-13:3,539.2564478781542
2021-01-14:3,557.6948390630878
2021-01-15:3,553.0485993960433
2021-01-16:3,531.1666308702311
2021-01-17:3,536.7589088888178
2021-01-18:3,489.3943893032965
2021-01-19:3,436.9099200090077
2021-01-20:3,438.8885809770836
2021-01-21:3,410.68563621066096
2021-01-22:3,432.55769699230086
2021-01-23:3,431.8663329212368
2021-01-24:3,442.5356581600454
2021-01-25:3,442.7506555074515
2021-01-26:3,421.1275113590759
2021-01-27:3,421.86364351122165
2021-01-28:3,421.62386556875254
2021-01-29:3,468.0571038131152
2021-01-30:3,471.40853395344266
2021-01-31:3,453.8584748644482
2021-02-01:3,454.76691700327615
2021-02-02:3,411.7559710571374
2021-02-03:3,417.00663500896314
2021-02-04:3,426.40920598306866
2021-02-05:3,444.2275162393289
2021-02-06:3,433.41689430561473
2021-02-07:3,419.54448090499073
2021-02-08:3,424.8956123956026
2021-02-09:3,401.89780702036114
2021-02-10:3,412.21671925833357
2021-02-11:3,423.9933379556642
2021-02-12:3,433.7234639915987
2021-02-13:3,435.3912673602763
2021-02-14:3,440.82872757199357
2021-02-15:3,427.9519961487194
2021-02-16:3,407.4839589034199
2021-02-17:3,394.1448271754282
2021-02-18:3,402.51719265971724
2021-02-19:3,456.2638753281417
2021-02-20:3,473.021142555217
2021-02-21:3,492.36536043554497
2021-02-22:3,489.2652625681394
2021-02-23:3,475.1635287232548
2021-02-24:3,501.60649319827644
2021-02-25:3,536.0046386770719
2021-02-26:3,499.0984239421314
2021-02-27:3,529.3704941087981
2021-02-28:3,529.0338114549063
2021-03-01:3,533.3600562146889
2021-03-02:3,500.01404763928576
2021-03-03:3,492.74608955138103
2021-03-04:3,516.0785596568005
2021-03-05:3,546.3856689128193
2021-03-06:3,587.4777020432784
2021-03-07:3,582.1335820577478
2021-03-08:3,576.9812173459427
2021-03-09:3,512.3322762561556
2021-03-10:3,525.5725591440028
2021-03-11:3,530.3408430187876
2021-03-12:3,536.3032060744522
2021-03-13:3,574.8343856427151
2021-03-14:3,571.9990362371832
2021-03-15:3,546.1596704838325
2021-03-16:3,520.2056171735076
2021-03-17:3,532.683695841657
2021-03-18:3,537.1132032414409
2021-03-19:3,578.4678878390469
2021-03-20:3,621.6964126249286
2021-03-21:3,610.4286781052015
2021-03-22:3,614.9860474159809
2021-03-23:3,620.8436451350913
2021-03-24:3,629.5061837033882
2021-03-25:3,680.4068576829586
2021-03-26:3,753.4005152724658
2021-03-27:3,860.6604078669698
2021-03-28:3,935.8732306135425
2021-03-29:3,949.6973718780919
2021-03-30:3,892.9883008062407
2021-03-31:3,884.089526482494
2021-04-01:3,1088.5597964728986
2021-04-02:3,1033.9381596394633
2021-04-03:3,1104.7388292388441
2021-04-04:3,1128.2925947779895
2021-04-05:3,1125.0009383756246
2021-04-06:3,1070.2065849030837
2021-04-07:3,1075.6512397770875
2021-04-08:3,1049.9714005521746
2021-04-09:3,1188.4119797910857
2021-04-10:3,1242.8311154655848
2021-04-11:3,1282.2204401552372
2021-04-12:3,1198.612237880041
2021-04-13:3,1114.2491366087397
2021-04-14:3,1051.2023646317757
2021-04-15:3,1021.2382518557606
2021-04-16:3,1081.405428338494
2021-04-17:3,1028.866548808117
2021-04-18:3,984.3140582222368
2021-04-19:3,938.923040415244
2021-04-20:3,960.4250960920217
2021-04-21:3,937.1567863702694
2021-04-22:3,812.3657857386461
2021-04-23:3,842.9935832559331
2021-04-24:3,862.9444295555986
2021-04-25:3,827.2264167608082
2021-04-26:3,786.4060698721296
2021-04-27:3,783.9175219284352
2021-04-28:3,794.0955401865776
2021-04-29:3,719.3529668766769
2021-04-30:3,719.7642860472297
2021-05-01:3,715.2106964711056
2021-05-02:3,721.1009107271229
2021-05-03:3,684.758937252348
2021-05-04:3,686.9089852373272
2021-05-05:3,702.3075053990485
2021-05-06:3,624.9445190073593
2021-05-07:3,647.2546513803882
2021-05-08:3,647.6645384776784
2021-05-09:3,609.6352658868188
2021-05-10:3,570.4552309121968
2021-05-11:3,568.4034879408428
2021-05-12:3,562.3513615802253
2021-05-13:3,541.415274762348
2021-05-14:3,537.4737803419575
2021-05-15:3,494.403439869202
2021-05-16:3,461.96865766173323
2021-05-17:3,447.2132484586473
2021-05-18:3,443.16876419769505
2021-05-19:3,433.6019014253279
2021-05-20:3,407.8730645733958
2021-05-21:3,403.18242447577177
2021-05-22:3,385.5421330233585
2021-05-23:3,356.28330001207814
2021-05-24:3,330.44087921077244
2021-05-25:3,320.9832406109308
2021-05-26:3,317.87671514904287
2021-05-27:3,308.994826987504
2021-05-28:3,262.6402166142143
2021-05-29:3,254.8066111380449
2021-05-30:3,238.12281376309693
2021-05-31:3,210.01528857878657
2021-06-01:3,210.7945565011214
2021-06-02:3,206.09440555165202
2021-06-03:3,160.22558069145816
2021-06-04:3,177.46632804370074
2021-06-05:3,167.8757400130371
2021-06-06:3,161.06020147983327
2021-06-07:3,147.26750975834875
2021-06-08:3,143.7813260338189
2021-06-09:3,147.7232908506794
2021-06-10:3,129.99187616395352
2021-06-11:3,129.41599422083527
2021-06-12:3,128.12080447947392
2021-06-13:3,116.98594296815054
2021-06-14:3,113.78995402571309
2021-06-15:3,104.07927711721277
2021-06-16:3,106.18880034734684
2021-06-17:3,101.38801373502793
2021-06-18:3,92.80050170644427
2021-06-19:3,95.75013147127174
2021-06-20:3,86.5648416355707
2021-06-21:3,81.6980191554785
2021-06-22:3,74.96100153999578
2021-06-23:3,72.50937708097445
2021-06-24:3,65.44500858187712
2021-06-25:3,72.46043856734468
2021-06-26:3,67.09249723114044
2021-06-27:3,57.089106786781485
2021-06-28:3,49.93574338142207
2021-06-29:3,45.942325280906516
2021-06-30:3,42.69377296452876
2021-07-01:3,35.84608841633599
2021-07-02:3,39.069034214542626
2021-07-03:3,35.42334798431693
2021-07-04:3,34.47188593575993
2021-07-05:3,25.472443439241033
2021-07-06:3,25.993296920118155
2021-07-07:3,29.853407300586696
2021-07-08:3,28.840691677381983
2021-07-09:3,37.460850982693955
2021-07-10:3,37.1672953858797
2021-07-11:3,31.089840244909283
2021-07-12:3,33.73953352656099
2021-07-13:3,33.273874084843555
2021-07-14:3,36.03540938452352
2021-07-15:3,38.45910437812563
2021-07-16:3,49.66483121155761
2021-07-17:3,49.82757921202574
2021-07-18:3,53.35866777447518
2021-07-19:3,57.152571146260016
2021-07-20:3,51.82132236787584
2021-07-21:3,58.13933243392967
2021-07-22:3,78.04965212359093
2021-07-23:3,45.83314470597543
2021-07-24:3,101.01656543882564
2021-07-25:3,109.59068307979032
2021-07-26:3,109.71997210220434
2021-07-27:3,103.06296152155846
2021-07-28:3,118.33611617120914
2021-07-29:3,196.67904570372775
2021-07-30:3,245.4692242955789
2021-07-31:3,305.9048433355056
2021-08-01:3,285.93376331427135
2021-08-02:3,242.75633076566737
2021-08-03:3,224.06485715450253
2021-08-04:3,218.81668163463473
2021-08-05:3,243.4665068620816
2021-08-06:3,574.6460150615312
2021-08-07:3,595.2780197944958
2021-08-08:3,582.3845359566039
2021-08-09:3,522.4030761005342
2021-08-10:3,397.4495177058852
2021-08-11:3,396.8420836657169
2021-08-12:3,433.30526372170425
2021-08-13:3,554.6273402193619
2021-08-14:3,728.9214251261437
2021-08-15:3,658.0437709646212
2021-08-16:3,558.419140332262
2021-08-17:3,510.8897213501041
2021-08-18:3,495.4518844628474
2021-08-19:3,457.3362588204909
2021-08-20:3,569.6927530971006
2021-08-21:3,602.3191838911735
2021-08-22:3,638.2386342086829
2021-08-23:3,584.9650492314249
2021-08-24:3,529.6301597488637
2021-08-25:3,565.7300698697509
2021-08-26:3,549.0703669943614
2021-08-27:3,614.1857032264088
2021-08-28:3,722.5639950644982
2020-04-01:5,-3.042543300593664
2020-04-02:5,-7.878242546996958
2020-04-03:5,20.687372327372024
2020-04-04:5,16.332589162942256
2020-04-05:5,11.562194106231644
2020-04-06:5,4.4176084110022416
2020-04-07:5,4.084453635595558
2020-04-08:5,0.8980315872236417
2020-04-09:5,11.125523804137309
2020-04-10:5,14.794818061256912
2020-04-11:5,17.705987343296336
2020-04-12:5,20.57972303956933
2020-04-13:5,19.04796794632732
2020-04-14:5,18.698139038617093
2020-04-15:5,19.67840339567389
2020-04-16:5,22.666988794244347
2020-04-17:5,21.072091866022504
2020-04-18:5,27.56536422850371
2020-04-19:5,28.325518469560407
2020-04-20:5,29.582045128840136
2020-04-21:5,29.093961339965404
2020-04-22:5,32.64892129059197
2020-04-23:5,35.732514498842065
2020-04-24:5,167.1614460027498
2020-04-25:5,33.03424976539732
2020-04-26:5,61.291202008599655
2020-04-27:5,52.7517227501495
2020-04-28:5,41.105196995500364
2020-04-29:5,42.91801879076145
2020-04-30:5,40.840009125717245
2020-05-01:5,37.30750803749075
2020-05-02:5,37.16279317847815
2020-05-03:5,37.305732023334315
2020-05-04:5,36.00696360560075
2020-05-05:5,32.74553772521435
2020-05-06:5,29.380840609251365
2020-05-07:5,26.505408827807614
2020-05-08:5,27.23112561332654
2020-05-09:5,26.51767318024875
2020-05-10:5,24.984040516885813
2020-05-11:5,22.82362793736519
2020-05-12:5,20.53682900936235
2020-05-13:5,17.444319135324264
2020-05-14:5,20.111347348008792
2020-05-15:5,19.400616214430954
2020-05-16:5,18.2112498888053
2020-05-17:5,18.051563253259985
2020-05-18:5,17.01077448419312
2020-05-19:5,15.865695353132594
2020-05-20:5,22.718484407626534
2020-05-21:5,21.330104691443523
2020-05-22:5,20.71713035592495
2020-05-23:5,21.008310702514223
2020-05-24:5,18.46534215506938
2020-05-25:5,19.86706600302017
2020-05-26:5,18.41155320231485
2020-05-27:5,15.300555850643832
2020-05-28:5,17.226473876627324
2020-05-29:5,16.326678244916252
2020-05-30:5,14.795004791782048
2020-05-31:5,15.16098719111551
2020-06-01:5,14.783263258211491
2020-06-02:5,12.513278402434594
2020-06-03:5,11.119906425245972
2020-06-04:5,11.855287382450342
2020-06-05:5,10.713195566875697
2020-06-06:5,9.765006610000114
2020-06-07:5,11.768781203885851
2020-06-08:5,11.218715309866866
2020-06-09:5,10.596505297399233
2020-06-10:5,10.469643931125802
2020-06-11:5,10.964021169739112
2020-06-12:5,10.828529102367
2020-06-13:5,12.562213965984256
2020-06-14:5,13.526595406462718
2020-06-15:5,14.887077450996344
2020-06-16:5,12.367297070193445
2020-06-17:5,11.545979094151335
2020-06-18:5,14.171220340610745
2020-06-19:5,12.707105746877119
2020-06-20:5,11.03633725243867
2020-06-21:5,10.69002143962382
2020-06-22:5,7.9395786011543805
2020-06-23:5,11.136714736165175
2020-06-24:5,11.787092746009336
2020-06-25:5,12.323500761322151
2020-06-26:5,13.82835421145532
2020-06-27:5,13.656581199470686
2020-06-28:5,13.0848910322254
2020-06-29:5,13.494731819552428
2020-06-30:5,9.315218396573982
2020-07-01:5,9.332375026755585
2020-07-02:5,11.533750199747743
2020-07-03:5,9.947128906682565
2020-07-04:5,9.86060724135416
2020-07-05:5,10.215489008147301
2020-07-06:5,11.194622725211218
2020-07-07:5,10.334007004930953
2020-07-08:5,10.959834094106327
2020-07-09:5,12.852021906805817
2020-07-10:5,14.374007625508966
2020-07-11:5,18.499881493379462
2020-07-12:5,20.467161692030913
2020-07-13:5,22.000766726386246
2020-07-14:5,19.1347590326576
2020-07-15:5,18.549799801531037
2020-07-16:5,20.801250180830266
2020-07-17:5,21.002780415397524
2020-07-18:5,25.102971548913388
2020-07-19:5,37.373403937931016
2020-07-20:5,34.709157227717014
2020-07-21:5,37.69597259412376
2020-07-22:5,38.852475856911724
2020-07-23:5,37.060944955372406
2020-07-24:5,35.028563663594355
2020-07-25:5,40.776917207668134
2020-07-26:5,38.974954955580245
2020-07-27:5,29.601787620882305
2020-07-28:5,24.741772406268865
2020-07-29:5,22.667220898541018
2020-07-30:5,29.161733680115276
2020-07-31:5,28.899650935607724
2020-08-01:5,32.671829192152586
2020-08-02:5,36.46845073739303
2020-08-03:5,33.75498359929475
2020-08-04:5,38.30917006515517
2020-08-05:5,35.08987092264999
2020-08-06:5,39.87810185537177
2020-08-07:5,41.897295141166026
2020-08-08:5,44.30505374703718
2020-08-09:5,51.62849952577338
2020-08-10:5,45.039265817756814
2020-08-11:5,44.71489264498473
2020-08-12:5,46.778797875479256
2020-08-13:5,62.6155306038695
2020-08-14:5,67.4799515932823
2020-08-15:5,89.63036706132925
2020-08-16:5,102.21804073378121
2020-08-17:5,109.0399176412875
2020-08-18:5,92.32430652144566
2020-08-19:5,94.52192488406402
2020-08-20:5,83.09128026507068
2020-08-21:5,81.46185749406601
2020-08-22:5,89.92114294780481
2020-08-23:5,101.61871598009714
2020-08-24:5,92.01370891837291
2020-08-25:5,86.65931561286061
2020-08-26:5,72.71388408974337
2020-08-27:5,69.06884246030609
2020-08-28:5,68.21593009274022
2020-08-29:5,70.67659623052532
2020-08-30:5,72.38927308131781
2020-08-31:5,82.99548881431019
2020-09-01:5,88.78705068013983
2020-09-02:5,74.64517203223977
2020-09-03:5,85.7466484326253
2020-09-04:5,86.77703846369616
2020-09-05:5,93.91813367381232
2020-09-06:5,106.87162821038852
2020-09-07:5,114.04673103845337
2020-09-08:5,116.9725450723592
2020-09-09:5,111.03189490654579
2020-09-10:5,109.5995186905408
2020-09-11:5,116.6833241696184
2020-09-12:5,119.94827035476538
2020-09-13:5,145.7747627158722
2020-09-14:5,135.5057132903267
2020-09-15:5,104.11189741675611
2020-09-16:5,101.48362876061651
2020-09-17:5,107.74899307336801
2020-09-18:5,123.2374925933184
2020-09-19:5,145.6068216852735
2020-09-20:5,137.33963892021956
2020-09-21:5,127.99925309440061
2020-09-22:5,126.67878078151898
2020-09-23:5,111.93196176404581
2020-09-24:5,105.97318872172144
2020-09-25:5,118.1967131630903
2020-09-26:5,109.52696104749646
2020-09-27:5,83.9068728660194
2020-09-28:5,93.71004255084313
2020-09-29:5,78.95803081645658
2020-09-30:5,80.88489566485998
2020-10-01:5,96.01898484678225
2020-10-02:5,93.03115293487639
2020-10-03:5,103.17894781597262
2020-10-04:5,109.17013042471032
2020-10-05:5,107.33940257244949
2020-10-06:5,110.4395799343116
2020-10-07:5,108.19166080680334
2020-10-08:5,112.88115310509403
2020-10-09:5,113.65230730090303
2020-10-10:5,117.57633403621344
2020-10-11:5,137.1056317091809
2020-10-12:5,149.01072368511427
2020-10-13:5,145.09950058941934
2020-10-14:5,143.5191738104677
2020-10-15:5,150.96697083518575
2020-10-16:5,150.30802552814862
2020-10-17:5,150.26105180654918
2020-10-18:5,179.99162029454806
2020-10-19:5,176.4161611380838
2020-10-20:5,181.76099205128253
2020-10-21:5,180.36126860223015
2020-10-22:5,188.55087125608281
2020-10-23:5,211.26521773225136
2020-10-24:5,249.69302198146295
2020-10-25:5,297.4463359043766
2020-10-26:5,327.0101407465013
2020-10-27:5,308.24170091860253
2020-10-28:5,291.91055852874206
2020-10-29:5,290.2273527185736
2020-10-30:5,273.7511068230475
2020-10-31:5,325.3721036388177
2020-11-01:5,343.4023554415636
2020-11-02:5,381.71703508421075
2020-11-03:5,398.41207866258935
2020-11-04:5,374.7446733911095
2020-11-05:5,360.72134777741144
2020-11-06:5,377.4645606816612
2020-11-07:5,523.9328767876721
2020-11-08:5,580.8774890385732
2020-11-09:5,593.6197506461999
2020-11-10:5,571.6464234265022
2020-11-11:5,592.8946714464605
2020-11-12:5,603.4247789810117
2020-11-13:5,598.5866192654371
2020-11-14:5,659.2178301787947
2020-11-15:5,683.182984233173
2020-11-16:5,669.4765386293204
2020-11-17:5,709.3031410843462
2020-11-18:5,737.7450847843572
2020-11-19:5,749.945709899638
2020-11-20:5,688.1004840316014
2020-11-21:5,632.6233867112801
2020-11-22:5,665.8960047604539
2020-11-23:5,611.5580270825174
2020-11-24:5,574.6909758992192
2020-11-25:5,606.0646432187971
2020-11-26:5,653.9797674297786
2020-11-27:5,714.1477363559085
2020-11-28:5,773.7064416264284
2020-11-29:5,775.1271022363325
2020-11-30:5,759.0343092642523
2020-12-01:5,683.2875663655692
2020-12-02:5,652.0679499354418
2020-12-03:5,724.9707199452822
2020-12-04:5,723.9773612939234
2020-12-05:5,706.7616225638166
2020-12-06:5,657.1610454082825
2020-12-07:5,657.9003926943761
2020-12-08:5,634.4829740897914
2020-12-09:5,597.002262587255
2020-12-10:5,604.8981214423516
2020-12-11:5,634.3159829312514
2020-12-12:5,612.4928028295408
2020-12-13:5,627.0958732073539
2020-12-14:5,632.149811011442
2020-12-15:5,656.3139810228153
2020-12-16:5,604.1995034277844
2020-12-17:5,608.3542220309457
2020-12-18:5,615.2638527170602
2020-12-19:5,577.1542285339285
2020-12-20:5,617.3563973606581
2020-12-21:5,569.1924009047622
2020-12-22:5,557.2284450156319
2020-12-23:5,526.7281918400246
2020-12-24:5,530.0309665776344
2020-12-25:5,543.74015267406
2020-12-26:5,503.3310904129109
2020-12-27:5,450.65544856226825
2020-12-28:5,418.73658811232815
2020-12-29:5,396.1992110357743
2020-12-30:5,399.8278585367958
2020-12-31:5,420.18101949123263
2021-01-01:5,460.08253871587397
2021-01-02:5,475.8426246435953
2021-01-03:5,453.3639710647802
2021-01-04:5,468.9168540241135
2021-01-05:5,482.518379751735
2021-01-06:5,472.04698125466257
2021-01-07:5,518.616038193562
2021-01-08:5,571.650081236311
2021-01-09:5,655.5454061499968
2021-01-10:5,643.8810828548085
2021-01-11:5,621.0221155575446
2021-01-12:5,575.6636280676225
2021-01-13:5,526.5357874973524
2021-01-14:5,530.9219003292692
2021-01-15:5,530.00919824781
2021-01-16:5,521.7419882828456
2021-01-17:5,526.5809416094569
2021-01-18:5,481.2354421462528
2021-01-19:5,413.3936969982733
2021-01-20:5,405.0039100997701
2021-01-21:5,433.1956649252206
2021-01-22:5,460.2282964035444
2021-01-23:5,433.25205925205273
2021-01-24:5,444.5791394589596
2021-01-25:5,448.1326213712541
2021-01-26:5,415.5605720922863
2021-01-27:5,409.9495905310695
2021-01-28:5,438.703226126712
2021-01-29:5,466.8243186773425
2021-01-30:5,472.9732288627706
2021-01-31:5,460.2235800465087
2021-02-01:5,466.7083499510386
2021-02-02:5,419.0301564990609
2021-02-03:5,423.1961155917552
2021-02-04:5,430.1357492507432
2021-02-05:5,437.3143156317874
2021-02-06:5,429.0999001078294
2021-02-07:5,411.48038462639636
2021-02-08:5,418.521302639154
2021-02-09:5,389.6354497881862
2021-02-10:5,403.0769591898305
2021-02-11:5,425.6877405794694
2021-02-12:5,430.55712155748324
2021-02-13:5,433.19480093622406
2021-02-14:5,441.2379433517258
2021-02-15:5,427.5070133314185
2021-02-16:5,403.1367651202378
2021-02-17:5,387.6123260337249
2021-02-18:5,401.5023475498324
2021-02-19:5,448.90288501793566
2021-02-20:5,456.8075508523125
2021-02-21:5,494.5610194017163
2021-02-22:5,490.37309757125786
2021-02-23:5,485.005923219549
2021-02-24:5,535.6102851291998
2021-02-25:5,517.8457938061074
2021-02-26:5,488.1763595282482
2021-02-27:5,534.2495720320121
2021-02-28:5,531.0150226952505
2021-03-01:5,531.3507346314532
2021-03-02:5,496.89697570388535
2021-03-03:5,493.8688260541247
2021-03-04:5,508.0173810656838
2021-03-05:5,522.0710260016112
2021-03-06:5,570.8351752432882
2021-03-07:5,567.8118433977704
2021-03-08:5,561.5869804379407
2021-03-09:5,494.54467364983975
2021-03-10:5,517.1708728028398
2021-03-11:5,520.5543581800957
2021-03-12:5,529.8424435182596
2021-03-13:5,560.746034444729
2021-03-14:5,556.303817925424
2021-03-15:5,530.244966323663
2021-03-16:5,500.8498440162848
2021-03-17:5,519.861237109697
2021-03-18:5,524.5304896562302
2021-03-19:5,550.51932265307
2021-03-20:5,600.1846290897415
2021-03-21:5,590.0619611329337
2021-03-22:5,593.1157937519135
2021-03-23:5,612.346350417396
2021-03-24:5,639.1356350167489
2021-03-25:5,658.0101030170863
2021-03-26:5,694.52285728883
2021-03-27:5,840.8914325788464
2021-03-28:5,918.664789679824
2021-03-29:5,927.6706588979978
2021-03-30:5,925.4058682884333
2021-03-31:5,956.5183775738478
2021-04-01:5,985.0116260433242
2021-04-02:5,946.8772992750783
2021-04-03:5,1149.9441421554402
2021-04-04:5,1160.7821030329087
2021-04-05:5,1149.4695759408778
2021-04-06:5,1076.3873367891158
2021-04-07:5,1118.3226468352345
2021-04-08:5,1101.2606001565368
2021-04-09:5,1164.6281418877734
2021-04-10:5,1185.216427981583
2021-04-11:5,1303.7974765590943
2021-04-12:5,1200.800186942437
2021-04-13:5,1107.2326435729537
2021-04-14:5,993.787526342956
2021-04-15:5,1053.3982497411525
2021-04-16:5,1097.7010628567314
2021-04-17:5,1015.3311215239228
2021-04-18:5,966.5913720891185
2021-04-19:5,916.418678755741
2021-04-20:5,904.9036516733067
2021-04-21:5,850.117000233593
2021-04-22:5,859.3191829250536
2021-04-23:5,897.0336321743816
2021-04-24:5,812.9682471941378
2021-04-25:5,785.1259804178098
2021-04-26:5,756.9925485927888
2021-04-27:5,716.704475809518
2021-04-28:5,706.1486142490812
2021-04-29:5,750.7186829967814
2021-04-30:5,771.7287141116085
2021-05-01:5,699.5429317473518
2021-05-02:5,712.11804093908
2021-05-03:5,675.0416302221984
2021-05-04:5,655.2382208203321
2021-05-05:5,667.5761371630563
2021-05-06:5,652.2913661808293
2021-05-07:5,672.0797493948735
2021-05-08:5,634.1091077332803
2021-05-09:5,599.6608767899277
2021-05-10:5,561.0181893397671
2021-05-11:5,540.1743245797416
2021-05-12:5,520.3161911803059
2021-05-13:5,555.110008017457
2021-05-14:5,557.4537714836042
2021-05-15:5,487.93275216230336
2021-05-16:5,465.68278188848217
2021-05-17:5,450.2710374295757
2021-05-18:5,430.2219110373228
2021-05-19:5,405.8113879330913
2021-05-20:5,438.41367185325635
2021-05-21:5,428.3354115736629
2021-05-22:5,386.5981094716833
2021-05-23:5,355.9879922875616
2021-05-24:5,327.6611227461226
2021-05-25:5,304.50137858529615
2021-05-26:5,290.4011296755252
2021-05-27:5,283.54705677151196
2021-05-28:5,298.3223408214981
2021-05-29:5,297.1954963320268
2021-05-30:5,247.93236850756966
2021-05-31:5,223.49362697190736
2021-06-01:5,206.39294396116202
2021-06-02:5,188.9905796988569
2021-06-03:5,188.46350419549708
2021-06-04:5,195.51895924014116
2021-06-05:5,162.09441451697512
2021-06-06:5,157.63805881408553
2021-06-07:5,144.23696609872786
2021-06-08:5,130.98094174798644
2021-06-09:5,130.29587062908104
2021-06-10:5,137.21908550965895
2021-06-11:5,137.40965824502564
2021-06-12:5,118.29565784759507
2021-06-13:5,111.90880272363984
2021-06-14:5,110.90459057851149
2021-06-15:5,94.94546680637654
2021-06-16:5,92.8627207152058
2021-06-17:5,98.95803912513657
2021-06-18:5,96.93198458061079
2021-06-19:5,91.8384629669963
2021-06-20:5,87.30696428117335
2021-06-21:5,83.36368050928104
2021-06-22:5,72.58647558690427
2021-06-23:5,67.30941978763985
2021-06-24:5,72.3200007510095
2021-06-25:5,74.44000345643144
2021-06-26:5,62.672611913685614
2021-06-27:5,55.79697958410179
2021-06-28:5,51.01788011044846
2021-06-29:5,43.07721468931413
2021-06-30:5,35.953560262249084
2021-07-01:5,38.61314838376711
2021-07-02:5,40.2868130733259
2021-07-03:5,32.45386175470776
2021-07-04:5,32.983531612011575
2021-07-05:5,27.10495458674268
2021-07-06:5,28.1207642978261
2021-07-07:5,29.30040242742689
2021-07-08:5,33.97667845719843
2021-07-09:5,38.37517415045295
2021-07-10:5,37.484787808934925
2021-07-11:5,33.57576981778402
2021-07-12:5,35.90068678678654
2021-07-13:5,33.63655191009457
2021-07-14:5,39.723383099306375
2021-07-15:5,42.2828247185098
2021-07-16:5,45.704045188147575
2021-07-17:5,48.24104269314557
2021-07-18:5,52.75429795891978
2021-07-19:5,56.350787788280286
2021-07-20:5,53.4046434906777
2021-07-21:5,65.98789837257937
2021-07-22:5,71.13385290745646
2021-07-23:5,74.15741409757175
2021-07-24:5,100.69321904168464
2021-07-25:5,39.03986286558211
2021-07-26:5,120.15703952684999
2021-07-27:5,119.76244709524326
2021-07-28:5,155.23416752531193
2021-07-29:5,170.63102536043152
2021-07-30:5,180.78596114413813
2021-07-31:5,286.82754750782624
2021-08-01:5,272.0251191353891
2021-08-02:5,280.9537627727259
2021-08-03:5,269.5573947187513
2021-08-04:5,236.8380813737167
2021-08-05:5,271.27903044747654
2021-08-06:5,303.5442455932498
2021-08-07:5,335.254359849263
2021-08-08:5,727.1452606827952
2021-08-09:5,516.0300520174496
2021-08-10:5,392.75015760282986
2021-08-11:5,397.61317215533927
2021-08-12:5,472.88440779491793
2021-08-13:5,487.3217036840506
2021-08-14:5,547.245328618068
2021-08-15:5,703.4076815924345
2021-08-16:5,530.4041728195734
2021-08-17:5,468.68100105872145
2021-08-18:5,415.67430568044074
2021-08-19:5,484.8330505233607
2021-08-20:5,553.5993172698654
2021-08-21:5,553.7875982674304
2021-08-22:5,636.7587329158268
2021-08-23:5,590.5555636257923
2021-08-24:5,467.41084045241587
2021-08-25:5,516.9959166313056
2021-08-26:5,595.7640830531891
2021-08-27:5,635.6502897357423
2021-08-28:5,699.2783517666685
2020-04-01:7,-1.246216470827946
2020-04-02:7,2.961697640728161
2020-04-03:7,8.958208473332512
2020-04-04:7,5.462258867833526
2020-04-05:7,14.34230645010085
2020-04-06:7,1.466611314138703
2020-04-07:7,6.453223489126152
2020-04-08:7,2.739457939195759
2020-04-09:7,8.766268861122406
2020-04-10:7,10.76599894420626
2020-04-11:7,18.287888154040495
2020-04-12:7,22.005655277174867
2020-04-13:7,21.3962757390168
2020-04-14:7,21.301110527047804
2020-04-15:7,21.60573208566428
2020-04-16:7,24.829011989494788
2020-04-17:7,22.02483252170424
2020-04-18:7,28.06831867706103
2020-04-19:7,28.24986008717098
2020-04-20:7,28.59779377080693
2020-04-21:7,27.885543139529453
2020-04-22:7,31.536125435883307
2020-04-23:7,34.68241232157587
2020-04-24:7,36.81252590966221
2020-04-25:7,36.58178295866267
2020-04-26:7,261.2089114818425
2020-04-27:7,43.745227105879515
2020-04-28:7,29.137134128251972
2020-04-29:7,36.60033049072182
2020-04-30:7,35.73814314812037
2020-05-01:7,34.26822593617961
2020-05-02:7,34.906429902607606
2020-05-03:7,36.372919207878894
2020-05-04:7,36.91538321642503
2020-05-05:7,35.19970215891481
2020-05-06:7,33.882541585837515
2020-05-07:7,32.42432677190236
2020-05-08:7,34.04645842811357
2020-05-09:7,34.10941773832057
2020-05-10:7,32.773805577434615
2020-05-11:7,30.337084061100853
2020-05-12:7,27.620070341003398
2020-05-13:7,23.90489010002385
2020-05-14:7,21.964708138988783
2020-05-15:7,21.210755741950834
2020-05-16:7,20.145786077637837
2020-05-17:7,19.976302721791427
2020-05-18:7,18.64975983576133
2020-05-19:7,17.418728021042966
2020-05-20:7,15.840407890529491
2020-05-21:7,15.646088618170666
2020-05-22:7,19.145240476087224
2020-05-23:7,18.004358616538923
2020-05-24:7,15.81158707297027
2020-05-25:7,17.970458235468726
2020-05-26:7,17.077685602950623
2020-05-27:7,15.166147149928065
2020-05-28:7,14.905257290131374
2020-05-29:7,14.12226417729471
2020-05-30:7,14.31794619949369
2020-05-31:7,13.800744225991707
2020-06-01:7,13.069014067142916
2020-06-02:7,13.245585358630052
2020-06-03:7,12.207763208080735
2020-06-04:7,13.250120601961818
2020-06-05:7,11.74649269290461
2020-06-06:7,9.898267562794224
2020-06-07:7,10.555491259190603
2020-06-08:7,10.50908593624763
2020-06-09:7,10.199978530367275
2020-06-10:7,10.816457067890838
2020-06-11:7,11.209751466763919
2020-06-12:7,11.9637602589969
2020-06-13:7,12.76728759449361
2020-06-14:7,13.613106352287105
2020-06-15:7,17.684023000127127
2020-06-16:7,14.7177363568494
2020-06-17:7,14.233684905988639
2020-06-18:7,17.122845573985614
2020-06-19:7,14.688095237278162
2020-06-20:7,9.562651459374138
2020-06-21:7,9.95196614710494
2020-06-22:7,6.003388530269149
2020-06-23:7,9.981909085173129
2020-06-24:7,10.74289271904081
2020-06-25:7,12.006730549612712
2020-06-26:7,14.521431925088763
2020-06-27:7,13.220933627013864
2020-06-28:7,12.885654246045448
2020-06-29:7,13.615364065341211
2020-06-30:7,9.649198016912578
2020-07-01:7,9.175810440089663
2020-07-02:7,11.337327996779038
2020-07-03:7,8.77573992675866
2020-07-04:7,10.315729961790112
2020-07-05:7,10.636553571761851
2020-07-06:7,10.97293652282724
2020-07-07:7,10.134830017315636
2020-07-08:7,10.86833605950433
2020-07-09:7,13.576614296782509
2020-07-10:7,15.837301551375276
2020-07-11:7,18.106572661098426
2020-07-12:7,18.798294431420118
2020-07-13:7,22.190617609272977
2020-07-14:7,19.461703072003615
2020-07-15:7,19.178069088947154
2020-07-16:7,21.265383968740935
2020-07-17:7,21.703946385855602
2020-07-18:7,26.47121982719591
2020-07-19:7,40.538609526741766
2020-07-20:7,35.52231434862051
2020-07-21:7,37.432442345908385
2020-07-22:7,37.84204342745966
2020-07-23:7,39.39099598122016
2020-07-24:7,39.23224054051275
2020-07-25:7,34.13137133083728
2020-07-26:7,34.48024560194469
2020-07-27:7,33.82393270566024
2020-07-28:7,24.756203911732655
2020-07-29:7,21.859980185194672
2020-07-30:7,28.82389361585888
2020-07-31:7,27.137206508193685
2020-08-01:7,35.56758259172523
2020-08-02:7,37.54964705105385
2020-08-03:7,36.16804086055117
2020-08-04:7,40.205869137700915
2020-08-05:7,36.66371891362144
2020-08-06:7,41.427055350467015
2020-08-07:7,45.11928215254896
2020-08-08:7,48.07113683375793
2020-08-09:7,48.38745446210562
2020-08-10:7,45.847229176092966
2020-08-11:7,50.25287092760212
2020-08-12:7,51.041282625776745
2020-08-13:7,72.08269387102325
2020-08-14:7,82.604411382526
2020-08-15:7,84.15524868833381
2020-08-16:7,88.99824764740333
2020-08-17:7,111.38648513830685
2020-08-18:7,92.17278509233222
2020-08-19:7,96.67993847327463
2020-08-20:7,89.12047224079129
2020-08-21:7,87.42576808350361
2020-08-22:7,87.64054839501455
2020-08-23:7,93.5994487209947
2020-08-24:7,95.28499803925877
2020-08-25:7,84.86712014482521
2020-08-26:7,68.90848447063536
2020-08-27:7,60.496090781348585
2020-08-28:7,54.85233942148693
2020-08-29:7,80.32940241221877
2020-08-30:7,81.14082083548817
2020-08-31:7,78.05091966905275
2020-09-01:7,87.65043271797981
2020-09-02:7,73.59033726726318
2020-09-03:7,82.86751450191525
2020-09-04:7,81.79737510788868
2020-09-05:7,95.44755291887398
2020-09-06:7,102.71308099630072
2020-09-07:7,112.86041968135503
2020-09-08:7,115.29549651621085
2020-09-09:7,109.61988731291456
2020-09-10:7,110.96716809061482
2020-09-11:7,124.45755192631333
2020-09-12:7,127.14606302609337
2020-09-13:7,129.4784980472524
2020-09-14:7,126.35004731198808
2020-09-15:7,121.58286552264514
2020-09-16:7,114.56376603781293
2020-09-17:7,117.5955195554991
2020-09-18:7,140.5479444038484
2020-09-19:7,154.42274208012873
2020-09-20:7,145.39871403973288
2020-09-21:7,146.39286901840978
2020-09-22:7,140.1100318771572
2020-09-23:7,124.53351489421061
2020-09-24:7,111.94769875086178
2020-09-25:7,125.01059294984157
2020-09-26:7,117.40324176104718
2020-09-27:7,102.38405680266368
2020-09-28:7,94.84961035874892
2020-09-29:7,77.77612305263085
2020-09-30:7,80.40854843815623
2020-10-01:7,90.85661508503529
2020-10-02:7,83.9506064984692
2020-10-03:7,106.6245509006633
2020-10-04:7,111.32821033706779
2020-10-05:7,106.66626640216053
2020-10-06:7,108.01860849599521
2020-10-07:7,104.87610375739165
2020-10-08:7,109.70643101096229
2020-10-09:7,111.13793148200698
2020-10-10:7,112.18061785297428
2020-10-11:7,124.30131503284099
2020-10-12:7,136.5029215972537
2020-10-13:7,132.28886285883505
2020-10-14:7,136.61192556161052
2020-10-15:7,151.51848660826295
2020-10-16:7,156.6973110571298
2020-10-17:7,154.21551697816597
2020-10-18:7,155.2799825682091
2020-10-19:7,154.5498685958264
2020-10-20:7,184.15919388266468
2020-10-21:7,181.14843250809508
2020-10-22:7,197.74488836669502
2020-10-23:7,240.45809288914415
2020-10-24:7,231.19979325150814
2020-10-25:7,253.396609806563
2020-10-26:7,332.20890013412054
2020-10-27:7,298.2066475784144
2020-10-28:7,286.72855700711307
2020-10-29:7,309.12698887624856
2020-10-30:7,289.6829591251989
2020-10-31:7,284.69542088806867
2020-11-01:7,300.1616539565438
2020-11-02:7,379.941483735473
2020-11-03:7,394.3886281298418
2020-11-04:7,365.1207162817715
2020-11-05:7,360.31733759317194
2020-11-06:7,395.81752178768727
2020-11-07:7,464.71441181817073
2020-11-08:7,492.6760809899613
2020-11-09:7,646.0942576486775
2020-11-10:7,571.6639946263447
2020-11-11:7,575.1638380356296
2020-11-12:7,588.5979324812147
2020-11-13:7,625.8347578420708
2020-11-14:7,656.3333423606348
2020-11-15:7,655.8332852380248
2020-11-16:7,713.431190861392
2020-11-17:7,708.0447530099927
2020-11-18:7,709.5175487767951
2020-11-19:7,782.1151239392249
2020-11-20:7,681.700909614224
2020-11-21:7,609.2387999774228
2020-11-22:7,638.3884068563041
2020-11-23:7,557.3906242657533
2020-11-24:7,559.6634668089387
2020-11-25:7,533.3194759750161
2020-11-26:7,612.4115409187684
2020-11-27:7,715.416786559637
2020-11-28:7,788.7529320424521
2020-11-29:7,783.4436207176963
2020-11-30:7,795.3818922098479
2020-12-01:7,704.7812062349764
2020-12-02:7,672.2555268165696
2020-12-03:7,735.3676726715228
2020-12-04:7,724.7943928211434
2020-12-05:7,725.9916331587948
2020-12-06:7,701.6730886509671
2020-12-07:7,662.5853050379
2020-12-08:7,634.228431202226
2020-12-09:7,591.0871176729956
2020-12-10:7,581.2042272742979
2020-12-11:7,611.908210898734
2020-12-12:7,649.5463883669074
2020-12-13:7,661.2770213410897
2020-12-14:7,636.652305308547
2020-12-15:7,666.6394365829224
2020-12-16:7,614.6082737768492
2020-12-17:7,601.6007641875027
2020-12-18:7,590.8711556992655
2020-12-19:7,607.3299705412553
2020-12-20:7,625.9135763393291
2020-12-21:7,557.4099991873816
2020-12-22:7,549.8609703097361
2020-12-23:7,518.5027088828043
2020-12-24:7,513.3879447632635
2020-12-25:7,525.951378607876
2020-12-26:7,514.7399947246864
2020-12-27:7,491.2893524924989
2020-12-28:7,423.4297804607653
2020-12-29:7,402.6979464160446
2020-12-30:7,387.2912271529966
2020-12-31:7,398.96611289907014
2021-01-01:7,459.82914782771195
2021-01-02:7,481.86484902526195
2021-01-03:7,502.89579776360733
2021-01-04:7,506.6865062177037
2021-01-05:7,507.3194111447133
2021-01-06:7,489.4331487966663
2021-01-07:7,557.9670876973155
2021-01-08:7,632.5319710418025
2021-01-09:7,632.5211562711047
2021-01-10:7,614.6372917788549
2021-01-11:7,683.899207443058
2021-01-12:7,617.8582691080173
2021-01-13:7,558.5964846647544
2021-01-14:7,563.8686547044194
2021-01-15:7,557.7044688166047
2021-01-16:7,534.527583093
2021-01-17:7,540.8718026444908
2021-01-18:7,495.82859874130963
2021-01-19:7,413.09051218776585
2021-01-20:7,400.25421100667154
2021-01-21:7,410.9874173874232
2021-01-22:7,435.20773373935344
2021-01-23:7,445.37985006983536
2021-01-24:7,460.24260832192886
2021-01-25:7,431.3610979706409
2021-01-26:7,400.32468593129397
2021-01-27:7,394.6795357602564
2021-01-28:7,423.4572671810573
2021-01-29:7,462.11910843295664
2021-01-30:7,470.891070873407
2021-01-31:7,457.9862983385533
2021-02-01:7,452.3070956048483
2021-02-02:7,406.4968902002333
2021-02-03:7,414.0260955880458
2021-02-04:7,424.6500072430945
2021-02-05:7,433.6825758058135
2021-02-06:7,432.49059983828647
2021-02-07:7,426.30660094796053
2021-02-08:7,422.4482381488775
2021-02-09:7,390.8849531501346
2021-02-10:7,404.0537698318501
2021-02-11:7,427.0091197541974
2021-02-12:7,433.6506127227576
2021-02-13:7,434.38341810744805
2021-02-14:7,437.3888785108743
2021-02-15:7,424.42910009265233
2021-02-16:7,399.4944223335651
2021-02-17:7,384.33117428276717
2021-02-18:7,398.58109002790843
2021-02-19:7,467.79349157002616
2021-02-20:7,474.3909104622053
2021-02-21:7,479.73199704293074
2021-02-22:7,476.03300678608866
2021-02-23:7,496.90294081914635
2021-02-24:7,544.8071118619537
2021-02-25:7,547.3817432135875
2021-02-26:7,509.45590224646
2021-02-27:7,526.3301263866606
2021-02-28:7,522.924215631122
2021-03-01:7,552.1335397876264
2021-03-02:7,505.7577926755546
2021-03-03:7,498.8636388374667
2021-03-04:7,515.7213953327214
2021-03-05:7,540.1485384423609
2021-03-06:7,565.5288193025226
2021-03-07:7,558.5608148862229
2021-03-08:7,578.4384776929714
2021-03-09:7,502.42494551331856
2021-03-10:7,524.7856291554708
2021-03-11:7,524.8930295405285
2021-03-12:7,534.1636318438455
2021-03-13:7,567.5710707812011
2021-03-14:7,563.3208384311902
2021-03-15:7,545.618124081132
2021-03-16:7,505.6024369855677
2021-03-17:7,525.2548680420323
2021-03-18:7,529.2436090961805
2021-03-19:7,567.4799622520495
2021-03-20:7,610.4334648786289
2021-03-21:7,597.077964820367
2021-03-22:7,617.4898384237613
2021-03-23:7,631.8673354268185
2021-03-24:7,653.8722197429961
2021-03-25:7,682.3053545724933
2021-03-26:7,748.7002002412482
2021-03-27:7,808.2661949307621
2021-03-28:7,836.1879612739795
2021-03-29:7,951.3651464826544
2021-03-30:7,940.9234212137126
2021-03-31:7,960.1297896773576
2021-04-01:7,1045.9828716019365
2021-04-02:7,1033.0711675786551
2021-04-03:7,1044.1953212918306
2021-04-04:7,1045.8743826110458
2021-04-05:7,1193.8330665380563
2021-04-06:7,1090.9778404404383
2021-04-07:7,1129.6158750917698
2021-04-08:7,1095.6263141079444
2021-04-09:7,1197.0196144794613
2021-04-10:7,1255.158157544591
2021-04-11:7,1253.561825797863
2021-04-12:7,1190.9030721084782
2021-04-13:7,1159.704523582921
2021-04-14:7,1025.642171792464
2021-04-15:7,1051.3542467960506
2021-04-16:7,1098.8402170911577
2021-04-17:7,1061.440714442746
2021-04-18:7,1044.5943931643887
2021-04-19:7,911.7511033797236
2021-04-20:7,911.4598953804598
2021-04-21:7,843.5472226412858
2021-04-22:7,801.1473270522656
2021-04-23:7,832.5802261771914
2021-04-24:7,884.7004401852209
2021-04-25:7,880.7453290030353
2021-04-26:7,745.7961119061529
2021-04-27:7,712.4763444590735
2021-04-28:7,711.0236859252218
2021-04-29:7,718.3448199860868
2021-04-30:7,718.5856613360756
2021-05-01:7,738.1937316732419
2021-05-02:7,758.1220828754304
2021-05-03:7,661.2477871163655
2021-05-04:7,645.4379167213028
2021-05-05:7,657.4886536470569
2021-05-06:7,619.6898700332231
2021-05-07:7,637.4776917255217
2021-05-08:7,649.3110251211965
2021-05-09:7,631.0795539290846
2021-05-10:7,552.2345642809373
2021-05-11:7,532.1491251530861
2021-05-12:7,522.8358974030084
2021-05-13:7,544.9725818072889
2021-05-14:7,534.0796185197096
2021-05-15:7,512.4579052051647
2021-05-16:7,498.4857035367695
2021-05-17:7,439.23714844027563
2021-05-18:7,426.3688312024133
2021-05-19:7,397.2392526323674
2021-05-20:7,419.5716870069998
2021-05-21:7,400.5765701763403
2021-05-22:7,399.67296337750076
2021-05-23:7,385.63659639618527
2021-05-24:7,327.60618866907225
2021-05-25:7,305.36433905183276
2021-05-26:7,288.5538424019237
2021-05-27:7,268.74908362666883
2021-05-28:7,275.4019919630239
2021-05-29:7,278.53113833251064
2021-05-30:7,275.1652556283707
2021-05-31:7,262.82816796693805
2021-06-01:7,206.5439570555609
2021-06-02:7,192.58476036601314
2021-06-03:7,173.5360735968061
2021-06-04:7,175.1161979126523
2021-06-05:7,174.48308016960345
2021-06-06:7,177.20467578038551
2021-06-07:7,140.6298978245486
2021-06-08:7,133.57910418921165
2021-06-09:7,134.1199839117494
2021-06-10:7,134.73766446731406
2021-06-11:7,128.54522534501712
2021-06-12:7,133.42721681730882
2021-06-13:7,127.23246719925646
2021-06-14:7,110.5623649999402
2021-06-15:7,98.99183488400149
2021-06-16:7,98.717544596273
2021-06-17:7,100.95436103953762
2021-06-18:7,89.38614477373653
2021-06-19:7,94.64925000188305
2021-06-20:7,91.46664729614076
2021-06-21:7,79.93628240783437
2021-06-22:7,73.03669617653122
2021-06-23:7,68.10578532975887
2021-06-24:7,70.13632709051672
2021-06-25:7,72.77656465154723
2021-06-26:7,66.91116576822424
2021-06-27:7,63.039465953577746
2021-06-28:7,50.33617234985286
2021-06-29:7,44.16254624440626
2021-06-30:7,37.48625155822083
2021-07-01:7,36.460464484196564
2021-07-02:7,35.962350742000126
2021-07-03:7,34.88237926283182
2021-07-04:7,33.73426265152375
2021-07-05:7,22.830550401180517
2021-07-06:7,24.35390246017778
2021-07-07:7,28.248805951277063
2021-07-08:7,32.677338255038194
2021-07-09:7,34.799154903550516
2021-07-10:7,35.59641328070575
2021-07-11:7,34.55229533185775
2021-07-12:7,34.5660548835549
2021-07-13:7,35.17233540902089
2021-07-14:7,39.53661147720413
2021-07-15:7,42.66802664659917
2021-07-16:7,50.3314247506205
2021-07-17:7,48.00340990314726
2021-07-18:7,48.68726457853336
2021-07-19:7,54.31067572021857
2021-07-20:7,50.909200864844024
2021-07-21:7,63.39259875391144
2021-07-22:7,75.51779488218017
2021-07-23:7,83.05739596788771
2021-07-24:7,89.84068112354726
2021-07-25:7,89.95790795865469
2021-07-26:7,106.99851677427068
2021-07-27:7,37.010464983060956
2021-07-28:7,123.50492329755798
2021-07-29:7,181.71430597966537
2021-07-30:7,231.60570349311456
2021-07-31:7,238.6812487556599
2021-08-01:7,215.68596095452085
2021-08-02:7,311.30100913112983
2021-08-03:7,304.6909355223179
2021-08-04:7,307.6615139034111
2021-08-05:7,391.75603820499964
2021-08-06:7,396.7891753371805
2021-08-07:7,418.88164673838764
2021-08-08:7,419.90886326972395
2021-08-09:7,409.0008371458389
2021-08-10:7,826.0962086881045
2021-08-11:7,575.7434302945621
2021-08-12:7,624.0717548857792
2021-08-13:7,621.1885737161501
2021-08-14:7,673.1791679211638
2021-08-15:7,623.9752281479887
2021-08-16:7,576.5741944832553
2021-08-17:7,634.0625391650829
2021-08-18:7,502.92362107353983
2021-08-19:7,507.8843669628259
2021-08-20:7,583.874013422057
2021-08-21:7,624.8250342069077
2021-08-22:7,658.6518310864922
2021-08-23:7,605.9025473151414
2021-08-24:7,531.7269783865777
2021-08-25:7,512.0862865401432
2021-08-26:7,537.909548855183
2021-08-27:7,597.7044929660624
2021-08-28:7,712.2801012804994
