Date:Delay,Count,Actual
2020-04-01:1,123.63524951304069,53
2020-04-02:1,78.52102067204434,55
2020-04-03:1,118.35395468770054,53
2020-04-04:1,116.63525042513263,29
2020-04-05:1,82.04789591910207,26
2020-04-06:1,71.64000637810483,37
2020-04-07:1,-12.216499737043279,25
2020-04-08:1,61.33337361972353,45
2020-04-09:1,96.20322335699808,34
2020-04-10:1,12.347512414635595,40
2020-04-11:1,66.32065926712785,35
2020-04-12:1,32.204115927018464,25
2020-04-13:1,49.19350609146521,20
2020-04-14:1,100.25474449494706,27
2020-04-15:1,3.0560969413343706,44
2020-04-16:1,15.539707941304165,14
2020-04-17:1,9.855606857173605,43
2020-04-18:1,47.19606975210844,29
2020-04-19:1,11.214544634036503,29
2020-04-20:1,587.224976420463,23
2020-04-21:1,100.24920909509166,25
2020-04-22:1,33.15422089617799,71
2020-04-23:1,61.25493635617135,29
2020-04-24:1,52.543770021955105,29
2020-04-25:1,56.9232740347321,95
2020-04-26:1,16.433056514914668,39
2020-04-27:1,28.45117235402783,11
2020-04-28:1,26.952392184473187,55
2020-04-29:1,19.212564221450197,34
2020-04-30:1,32.167302014831684,25
2020-05-01:1,23.311038834993166,33
2020-05-02:1,25.680471519229208,26
2020-05-03:1,34.26099226130552,34
2020-05-04:1,34.18316366098332,19
2020-05-05:1,25.554606032950517,8
2020-05-06:1,25.127295342352184,23
2020-05-07:1,12.2909173312811,33
2020-05-08:1,15.791991157044773,29
2020-05-09:1,2.4345340760624694,15
2020-05-10:1,11.334141369470505,9
2020-05-11:1,10.620816189063378,14
2020-05-12:1,1.3487909231746276,7
2020-05-13:1,10.663366533457125,16
2020-05-14:1,11.718054002257437,15
2020-05-15:1,20.853720331596982,15
2020-05-16:1,17.85780962734665,21
2020-05-17:1,1.3196010698764837,8
2020-05-18:1,2.645607641306487,8
2020-05-19:1,1.5976584777531606,2
2020-05-20:1,5.634210654320282,21
2020-05-21:1,4.956421447845289,12
2020-05-22:1,7.133992559577497,18
2020-05-23:1,-1.4670547657801531,10
2020-05-24:1,-3.7353996078142657,5
2020-05-25:1,-2.201635674734577,7
2020-05-26:1,8.953757263552973,11
2020-05-27:1,-3.677715179001627,9
2020-05-28:1,-1.4911754391355405,9
2020-05-29:1,2.145270255888951,4
2020-05-30:1,-2.088149898825172,11
2020-05-31:1,-5.180571536538775,9
2020-06-01:1,-3.7074428248469644,15
2020-06-02:1,-8.711989909383675,4
2020-06-03:1,-13.596337755010254,22
2020-06-04:1,-15.691071963914494,5
2020-06-05:1,2.245883942985552,1
2020-06-06:1,6.473445585697208,14
2020-06-07:1,7.422995042844137,6
2020-06-08:1,7.263581686076756,9
2020-06-09:1,-1.3919832910595993,10
2020-06-10:1,-11.752570779669034,12
2020-06-11:1,-10.891109911444337,14
2020-06-12:1,-10.285622386725885,16
2020-06-13:1,-1.0064948860857825,14
2020-06-14:1,1.0797290262726111,16
2020-06-15:1,2.9007983629477856,6
2020-06-16:1,-2.991690282023443,11
2020-06-17:1,-0.3444849759109765,19
2020-06-18:1,-0.3121604251966179,8
2020-06-19:1,0.710822979404794,7
2020-06-20:1,1.3830610175775035,10
2020-06-21:1,2.6502479165979587,6
2020-06-22:1,3.0797003543720987,16
2020-06-23:1,3.2680719001598355,13
2020-06-24:1,5.931531321272139,14
2020-06-25:1,6.69193867025071,19
2020-06-26:1,8.073085804340625,10
2020-06-27:1,8.70506748970983,10
2020-06-28:1,8.920581032689228,14
2020-06-29:1,9.645322956144156,2
2020-06-30:1,7.392694714984531,12
2020-07-01:1,7.697853757733504,15
2020-07-02:1,8.87378446389323,9
2020-07-03:1,17.826305680528026,13
2020-07-04:1,13.72140549111226,9
2020-07-05:1,13.01209204348713,15
2020-07-06:1,13.271735354456109,7
2020-07-07:1,21.334725320760924,12
2020-07-08:1,16.917597607126552,18
2020-07-09:1,21.116920592895916,20
2020-07-10:1,13.339389141604522,25
2020-07-11:1,21.468400784814158,22
2020-07-12:1,21.674576135520248,20
2020-07-13:1,21.520295731344042,11
2020-07-14:1,20.24340172516935,13
2020-07-15:1,12.167799388479562,21
2020-07-16:1,11.96744297987984,21
2020-07-17:1,16.941263023755475,28
2020-07-18:1,-5.155601514939944,51
2020-07-19:1,11.706455412056444,19
2020-07-20:1,13.390762560022118,32
2020-07-21:1,41.218143232336374,30
2020-07-22:1,37.70136808176724,34
2020-07-23:1,-19.566475361857208,30
2020-07-24:1,2.624611189236841,27
2020-07-25:1,2.108429966278642,36
2020-07-26:1,11.402999703711657,21
2020-07-27:1,13.468476937765818,24
2020-07-28:1,35.57195189693448,23
2020-07-29:1,35.01778209646254,41
2020-07-30:1,-4.436151373961806,29
2020-07-31:1,6.67946179997506,50
2020-08-01:1,11.765037949995715,43
2020-08-02:1,16.385476230841846,29
2020-08-03:1,18.458985157840985,46
2020-08-04:1,22.34694900672122,28
2020-08-05:1,11.520083393386484,47
2020-08-06:1,22.195276937739003,47
2020-08-07:1,20.51434475664214,53
2020-08-08:1,36.011606533779855,50
2020-08-09:1,38.74994136014029,37
2020-08-10:1,38.46345823643918,44
2020-08-11:1,44.28009080984092,46
2020-08-12:1,35.293735470490816,85
2020-08-13:1,51.94428231095962,78
2020-08-14:1,64.8470550303415,84
2020-08-15:1,83.27697537070284,100
2020-08-16:1,88.81949560156545,88
2020-08-17:1,88.61550010182377,48
2020-08-18:1,86.7799376597885,83
2020-08-19:1,83.0809844836547,68
2020-08-20:1,91.11830032933511,80
2020-08-21:1,98.48637586343321,90
2020-08-22:1,106.18974141198457,109
2020-08-23:1,106.78939527562675,81
2020-08-24:1,102.2541731145649,79
2020-08-25:1,106.06801953460185,58
2020-08-26:1,99.0460196096229,62
2020-08-27:1,86.5582115641199,68
2020-08-28:1,84.1579983276838,124
2020-08-29:1,92.30493054479616,86
2020-08-30:1,91.19759794530727,107
2020-08-31:1,93.55834993222007,101
2020-09-01:1,98.70870409818905,58
2020-09-02:1,73.09666176517517,104
2020-09-03:1,82.43676929176053,89
2020-09-04:1,88.52869583301086,121
2020-09-05:1,98.63185883963627,123
2020-09-06:1,103.50088657270337,116
2020-09-07:1,105.58243318681289,107
2020-09-08:1,105.7848061515403,83
2020-09-09:1,122.05987236694574,100
2020-09-10:1,106.99725701503803,139
2020-09-11:1,103.59113271694153,132
2020-09-12:1,122.80248162719008,137
2020-09-13:1,125.86363606930472,119
2020-09-14:1,124.64623944397269,61
2020-09-15:1,125.19425574150598,97
2020-09-16:1,108.94161919909396,122
2020-09-17:1,107.13714628836966,165
2020-09-18:1,126.84505714613293,179
2020-09-19:1,152.7311383303124,121
2020-09-20:1,145.99715975324253,117
2020-09-21:1,140.92070949717495,128
2020-09-22:1,151.10235282331922,96
2020-09-23:1,128.87071228650862,91
2020-09-24:1,107.6919807742623,148
2020-09-25:1,128.73323566211275,98
2020-09-26:1,110.49095332935379,68
2020-09-27:1,99.62488960866055,125
2020-09-28:1,104.79248670602655,74
2020-09-29:1,91.66506183005275,105
2020-09-30:1,91.41537460926384,125
2020-10-01:1,100.78116563097021,82
2020-10-02:1,95.68058498392362,161
2020-10-03:1,115.51431194530447,130
2020-10-04:1,117.89384302041208,108
2020-10-05:1,116.49791055501609,120
2020-10-06:1,133.8803936434333,102
2020-10-07:1,127.07606482723219,115
2020-10-08:1,126.7622935277734,110
2020-10-09:1,123.17284246368726,119
2020-10-10:1,132.8673208285968,170
2020-10-11:1,137.97767856622426,159
2020-10-12:1,140.52085706054865,119
2020-10-13:1,138.19833553447037,101
2020-10-14:1,149.99834081930942,158
2020-10-15:1,150.28382653768062,142
2020-10-16:1,158.77760380818455,155
2020-10-17:1,163.83645226516495,172
2020-10-18:1,165.27028609155929,153
2020-10-19:1,163.4371244999969,174
2020-10-20:1,181.73664934097252,167
2020-10-21:1,181.3182045920003,203
2020-10-22:1,192.82454656620916,274
2020-10-23:1,232.85683977907854,223
2020-10-24:1,237.82148574275894,317
2020-10-25:1,259.3688082688226,293
2020-10-26:1,266.56321000634784,207
2020-10-27:1,315.4937213190597,217
2020-10-28:1,281.87227704158784,287
2020-10-29:1,283.7017300103587,234
2020-10-30:1,271.4929913962581,272
2020-10-31:1,284.0663879037318,352
2020-11-01:1,299.4754560849075,389
2020-11-02:1,316.0274771680306,379
2020-11-03:1,383.8904667277868,299
2020-11-04:1,375.29541659177477,335
2020-11-05:1,384.4071068316445,425
2020-11-06:1,414.9297093389287,589
2020-11-07:1,478.9281759289837,567
2020-11-08:1,549.5811710589867,536
2020-11-09:1,544.6684919731018,462
2020-11-10:1,588.3083655942105,525
2020-11-11:1,602.6309707069453,536
2020-11-12:1,586.1122969523465,594
2020-11-13:1,640.251262800409,617
2020-11-14:1,675.4549335550798,654
2020-11-15:1,671.5351340458992,659
2020-11-16:1,669.5987506303082,646
2020-11-17:1,784.2982682207448,717
2020-11-18:1,782.8792092434633,762
2020-11-19:1,806.714051246995,536
2020-11-20:1,791.1319391036517,516
2020-11-21:1,677.0931178641623,713
2020-11-22:1,687.8257446086602,626
2020-11-23:1,673.5984798707776,594
2020-11-24:1,598.6163046642221,695
2020-11-25:1,668.3671053986243,738
2020-11-26:1,692.7609819831948,887
2020-11-27:1,796.7420398699064,911
2020-11-28:1,880.7868530492052,750
2020-11-29:1,814.9547136019469,731
2020-11-30:1,786.8449244970234,596
2020-12-01:1,719.4714076418642,656
2020-12-02:1,762.7108532143761,834
2020-12-03:1,788.4212368329188,694
2020-12-04:1,774.2816234945826,711
2020-12-05:1,737.6088406683547,647
2020-12-06:1,710.448698552396,726
2020-12-07:1,714.0351739334276,647
2020-12-08:1,622.094904584578,566
2020-12-09:1,598.5413895377311,619
2020-12-10:1,613.7806785414936,723
2020-12-11:1,620.0270675651891,737
2020-12-12:1,682.8702704215441,698
2020-12-13:1,687.4035751750295,689
2020-12-14:1,687.7716302842047,759
2020-12-15:1,678.4437836468652,522
2020-12-16:1,667.8046334457011,640
2020-12-17:1,646.1211578925623,673
2020-12-18:1,657.1124470418288,624
2020-12-19:1,658.8847622716971,652
2020-12-20:1,657.0481274353959,486
2020-12-21:1,621.0271842720176,529
2020-12-22:1,502.9545626792599,444
2020-12-23:1,552.9884370546758,518
2020-12-24:1,497.92162306557987,582
2020-12-25:1,467.3502262174562,512
2020-12-26:1,475.3073360179323,447
2020-12-27:1,471.0256799776539,424
2020-12-28:1,464.84728126052653,441
2020-12-29:1,462.0779820721722,382
2020-12-30:1,134.3997187098683,485
2020-12-31:1,235.11476821817536,690
2021-01-01:1,334.3521393141465,565
2021-01-02:1,381.0235633111115,607
2021-01-03:1,419.0542473369058,500
2021-01-04:1,430.7146235207973,539
2021-01-05:1,248.39102900682357,428
2021-01-06:1,354.32587489380364,625
2021-01-07:1,406.1646899121804,761
2021-01-08:1,465.74640492013754,617
2021-01-09:1,468.0603483519434,538
2021-01-10:1,486.24799967221304,507
2021-01-11:1,490.5307830259194,430
2021-01-12:1,435.406223423672,446
2021-01-13:1,461.6029848119447,519
2021-01-14:1,469.4359354631624,536
2021-01-15:1,496.738846970689,509
2021-01-16:1,477.48419164729273,584
2021-01-17:1,499.29442017562974,445
2021-01-18:1,490.0665678969972,301
2021-01-19:1,331.90165054373944,465
2021-01-20:1,414.7867542913977,500
2021-01-21:1,427.0073466373492,564
2021-01-22:1,438.66310191205935,508
2021-01-23:1,456.3659564772011,527
2021-01-24:1,473.59548071164477,471
2021-01-25:1,473.08652234628414,346
2021-01-26:1,399.93101105387166,407
2021-01-27:1,440.0300094152657,485
2021-01-28:1,504.58080438184174,546
2021-01-29:1,504.26056906227603,514
2021-01-30:1,507.22810719928424,408
2021-01-31:1,488.84956955252756,473
2021-02-01:1,486.3727374731151,277
2021-02-02:1,448.89289611082756,429
2021-02-03:1,462.63604805993907,414
2021-02-04:1,440.1527955181148,465
2021-02-05:1,469.448211117357,471
2021-02-06:1,448.3218396610581,428
2021-02-07:1,445.15219251977265,465
2021-02-08:1,447.8302071882282,343
2021-02-09:1,472.0127108059654,435
2021-02-10:1,459.5277504756517,469
2021-02-11:1,457.0190725939592,449
2021-02-12:1,443.925591582734,445
2021-02-13:1,437.55666996662234,452
2021-02-14:1,439.9988028008151,431
2021-02-15:1,438.69731216590714,348
2021-02-16:1,427.23727919383794,302
2021-02-17:1,372.9447304080202,427
2021-02-18:1,435.47621893707264,617
2021-02-19:1,425.4250211490663,508
2021-02-20:1,448.45681050483574,504
2021-02-21:1,457.1685820015056,475
2021-02-22:1,459.58618893280936,449
2021-02-23:1,514.377856818493,559
2021-02-24:1,535.2952913029195,456
2021-02-25:1,544.2878928169633,395
2021-02-26:1,515.0799319056564,589
2021-02-27:1,535.9542869621184,532
2021-02-28:1,535.360590780147,508
2021-03-01:1,531.7889244463473,438
2021-03-02:1,555.1613264608245,438
2021-03-03:1,591.7375929158718,542
2021-03-04:1,578.7484344205814,564
2021-03-05:1,591.6981446592653,634
2021-03-06:1,592.0814256955043,545
2021-03-07:1,585.7602313534207,532
2021-03-08:1,579.3967070540294,385
2021-03-09:1,581.8319805260874,550
2021-03-10:1,588.8516377884939,531
2021-03-11:1,601.9194572752162,569
2021-03-12:1,594.3733529593034,648
2021-03-13:1,603.9751269984545,555
2021-03-14:1,598.5548127296879,491
2021-03-15:1,587.8373541976842,460
2021-03-16:1,563.0954965635789,556
2021-03-17:1,597.1306751264285,498
2021-03-18:1,583.6960064428849,622
2021-03-19:1,573.9646729883408,737
2021-03-20:1,579.3939477650775,556
2021-03-21:1,576.5339677241534,598
2021-03-22:1,578.8723768307938,631
2021-03-23:1,563.8669714184329,646
2021-03-24:1,631.6119935408859,716
2021-03-25:1,654.7444263526681,800
2021-03-26:1,665.6696007635408,908
2021-03-27:1,704.4354555821631,936
2021-03-28:1,727.9637470706883,805
2021-03-29:1,735.0691265991542,777
2021-03-30:1,825.9698625416049,840
2021-03-31:1,861.5367214078312,1014
2021-04-01:1,903.6119489631097,832
2021-04-02:1,930.3949900885814,1074
2021-04-03:1,980.745016538767,1077
2021-04-04:1,1137.7406446538828,999
2021-04-05:1,1089.2935286555928,890
2021-04-06:1,1035.0775120386895,1068
2021-04-07:1,1064.399918018084,997
2021-04-08:1,1165.763633465548,1293
2021-04-09:1,1237.4891273836356,1262
2021-04-10:1,1267.8036398591755,1283
2021-04-11:1,1269.9354534933068,1036
2021-04-12:1,1241.155341074064,970
2021-04-13:1,1280.4322846676223,873
2021-04-14:1,1274.8806890629853,1168
2021-04-15:1,1279.5045281373486,1205
2021-04-16:1,1296.0711342550012,1005
2021-04-17:1,1248.255148975673,1027
2021-04-18:1,1210.76888886014,933
2021-04-19:1,1170.525941832888,1000
2021-04-20:1,1187.9681720635901,849
2021-04-21:1,1135.1243960503668,862
2021-04-22:1,1058.517411344718,1006
2021-04-23:1,1075.9359102863352,1001
2021-04-24:1,1047.559708195331,881
2021-04-25:1,1017.6182437651664,847
2021-04-26:1,991.6206377021815,763
2021-04-27:1,904.4245139372326,799
2021-04-28:1,887.6150029114204,841
2021-04-29:1,851.1224517472734,853
2021-04-30:1,859.0445266263785,740
2021-05-01:1,815.6696369160434,835
2021-05-02:1,818.5227841683036,671
2021-05-03:1,799.5490410629118,668
2021-05-04:1,725.8039606138329,697
2021-05-05:1,726.8715308933838,572
2021-05-06:1,686.8589160963462,694
2021-05-07:1,688.6028707827263,722
2021-05-08:1,673.532779256722,596
2021-05-09:1,662.5283134453955,605
2021-05-10:1,655.3780078535681,558
2021-05-11:1,561.4583772666126,515
2021-05-12:1,586.9299100455312,600
2021-05-13:1,571.1261165302099,587
2021-05-14:1,585.4712754991999,494
2021-05-15:1,536.4757354310491,443
2021-05-16:1,525.4297554217293,493
2021-05-17:1,522.0025400475187,424
2021-05-18:1,444.3683584695929,411
2021-05-19:1,446.8170229871539,521
2021-05-20:1,437.2541649680417,357
2021-05-21:1,430.84451261685655,420
2021-05-22:1,422.084334772337,356
2021-05-23:1,415.8550648751696,325
2021-05-24:1,408.0285884712332,293
2021-05-25:1,373.12232225711335,289
2021-05-26:1,343.8218722439794,250
2021-05-27:1,291.48919022312896,378
2021-05-28:1,325.4019834584933,317
2021-05-29:1,317.32392321829747,258
2021-05-30:1,311.0891354883052,238
2021-05-31:1,304.13818665865165,212
2021-06-01:1,231.7351199966019,184
2021-06-02:1,127.4029369071009,194
2021-06-03:1,223.57733264696856,199
2021-06-04:1,220.72689658485083,183
2021-06-05:1,212.28280675877303,218
2021-06-06:1,212.73534715430134,131
2021-06-07:1,206.74018617833963,133
2021-06-08:1,172.16890860251758,165
2021-06-09:1,150.07084850563274,148
2021-06-10:1,136.17861446058697,153
2021-06-11:1,121.429861635334,180
2021-06-12:1,121.67518906515724,96
2021-06-13:1,120.0370140900539,113
2021-06-14:1,119.61495475074015,68
2021-06-15:1,106.32831449724289,108
2021-06-16:1,76.46817975300274,113
2021-06-17:1,59.91915003762511,120
2021-06-18:1,60.89601854587206,109
2021-06-19:1,54.76477206843741,94
2021-06-20:1,56.938080496769004,90
2021-06-21:1,58.673320489052706,45
2021-06-22:1,36.046150580264005,56
2021-06-23:1,42.53576588726679,87
2021-06-24:1,31.90454804372672,75
2021-06-25:1,-22.871539939520346,72
2021-06-26:1,-22.126819611040567,57
2021-06-27:1,-17.898978709058333,50
2021-06-28:1,-14.455067143433162,38
2021-06-29:1,16.910481971073462,29
2021-06-30:1,28.575985548198407,44
2021-07-01:1,22.50995293619122,49
2021-07-02:1,23.57054023043449,35
2021-07-03:1,13.342532878666901,30
2021-07-04:1,14.002586037160658,37
2021-07-05:1,14.879126989794354,20
2021-07-06:1,-0.05067324007676177,46
2021-07-07:1,3.312898538721882,59
2021-07-08:1,6.303799977069687,63
2021-07-09:1,5.513961181807311,45
2021-07-10:1,5.037581986793896,46
2021-07-11:1,6.670487451365631,47
2021-07-12:1,8.216532323137457,30
2021-07-13:1,6.763359475234175,33
2021-07-14:1,7.088596527298542,41
2021-07-15:1,6.611902557044452,58
2021-07-16:1,5.85498409079036,45
2021-07-17:1,4.1723002077361855,56
2021-07-18:1,6.292678799221939,60
2021-07-19:1,8.40359465561479,40
2021-07-20:1,-1.415484163628932,76
2021-07-21:1,30.912594711697388,78
2021-07-22:1,3.34216897690699,89
2021-07-23:1,8.01873776268188,112
2021-07-24:1,-17.690551136930026,94
2021-07-25:1,-12.77331861334418,79
2021-07-26:1,-8.903330410874439,94
2021-07-27:1,-5.894728813826973,150
2021-07-28:1,2.0509119061173067,185
2021-07-29:1,14.81430112921931,202
2021-07-30:1,35.84945094848904,243
2021-07-31:1,56.91160173701609,160
2021-08-01:1,65.10800948793961,196
2021-08-02:1,74.74853602521162,185
2021-08-03:1,82.31178321193147,201
2021-08-04:1,130.8202307194743,342
2021-08-05:1,174.6857590771366,402
2021-08-06:1,248.2721747297283,464
2021-08-07:1,329.7338036812928,422
2021-08-08:1,345.73596100863153,364
2021-08-09:1,348.43540193968573,293
2021-08-10:1,341.53772448655786,395
2021-08-11:1,480.3179158342847,536
2021-08-12:1,525.4198746956279,513
2021-08-13:1,562.4788406245709,717
2021-08-14:1,666.6060688872659,532
2021-08-15:1,642.5006485981987,441
2021-08-16:1,611.8963246882813,461
2021-08-17:1,698.3503164436183,461
2021-08-18:1,659.024506947535,553
2021-08-19:1,708.9251365716061,689
2021-08-20:1,750.7034974132358,663
2021-08-21:1,783.6712331026342,724
2021-08-22:1,775.5143613788354,545
2021-08-23:1,747.7931670292019,442
2021-08-24:1,553.1652964689679,641
2021-08-25:1,637.784556836635,698
2021-08-26:1,648.4552871614139,724
2021-08-27:1,684.5722709260987,867
2021-08-28:1,724.0002191466762,867
2020-04-01:3,57.34526674622739,53
2020-04-02:3,-25.327003318446415,55
2020-04-03:3,40.09707305940517,53
2020-04-04:3,-42.903594561764,29
2020-04-05:3,70.22917240258565,26
2020-04-06:3,-41.97280239605189,37
2020-04-07:3,10.645591908630742,25
2020-04-08:3,12.921056341716053,45
2020-04-09:3,30.390419051605782,34
2020-04-10:3,61.47549338297365,40
2020-04-11:3,60.608365455264234,35
2020-04-12:3,37.80772574099,25
2020-04-13:3,18.037026231695386,20
2020-04-14:3,20.93924525804256,27
2020-04-15:3,26.0729291300594,44
2020-04-16:3,51.41399093557373,14
2020-04-17:3,29.937273415500066,43
2020-04-18:3,28.56487523099672,29
2020-04-19:3,15.117431331632098,29
2020-04-20:3,34.405086187707056,23
2020-04-21:3,2.227737684431588,25
2020-04-22:3,150.80858666518972,71
2020-04-23:3,-72.95260839111921,29
2020-04-24:3,13.551173859678848,29
2020-04-25:3,28.67931913453857,95
2020-04-26:3,53.96768501332341,39
2020-04-27:3,51.45111185041612,11
2020-04-28:3,13.03106987562458,55
2020-04-29:3,31.61661260682688,34
2020-04-30:3,22.176889329469997,25
2020-05-01:3,9.187071350384267,33
2020-05-02:3,3.0881243530517697,26
2020-05-03:3,9.616487970098962,34
2020-05-04:3,12.332455400883482,19
2020-05-05:3,12.09908701886954,8
2020-05-06:3,9.832987999098563,23
2020-05-07:3,13.415789516597368,33
2020-05-08:3,12.479331238880658,29
2020-05-09:3,16.234622012274848,15
2020-05-10:3,17.874262899933317,9
2020-05-11:3,5.992723254915502,14
2020-05-12:3,-3.398966732869537,7
2020-05-13:3,-0.6550495757704962,16
2020-05-14:3,2.3397531287139355,15
2020-05-15:3,-4.053601315533255,15
2020-05-16:3,2.7734185038474903,21
2020-05-17:3,5.523974658016954,8
2020-05-18:3,2.727311048141951,8
2020-05-19:3,2.1712477165815134,2
2020-05-20:3,1.2491831206353776,21
2020-05-21:3,3.034467088956399,12
2020-05-22:3,3.4362680733842472,18
2020-05-23:3,3.4017669626754667,10
2020-05-24:3,3.638517304094666,5
2020-05-25:3,-17.973863540751054,7
2020-05-26:3,-12.918432951417657,11
2020-05-27:3,-9.15562456240199,9
2020-05-28:3,-3.9948403416882243,9
2020-05-29:3,-0.4684743122004047,4
2020-05-30:3,-1.3855145454115636,11
2020-05-31:3,-0.8403207788306766,9
2020-06-01:3,1.5861856745487746,15
2020-06-02:3,0.8048676717652974,4
2020-06-03:3,1.495215638298176,22
2020-06-04:3,-0.6643545405447746,5
2020-06-05:3,-1.5689626859730623,1
2020-06-06:3,-5.397794867204178,14
2020-06-07:3,2.6827117709105828,6
2020-06-08:3,3.312389032452102,9
2020-06-09:3,4.029937542622082,10
2020-06-10:3,4.6987435944958555,12
2020-06-11:3,3.1162955645037833,14
2020-06-12:3,-3.539487830604358,16
2020-06-13:3,-0.07893550705063745,14
2020-06-14:3,3.5167809070840095,16
2020-06-15:3,10.544072068107653,6
2020-06-16:3,9.912348812282225,11
2020-06-17:3,10.045100303889658,19
2020-06-18:3,15.67585930522586,8
2020-06-19:3,16.67282764387615,7
2020-06-20:3,16.189853629538575,10
2020-06-21:3,15.89374769851534,6
2020-06-22:3,14.506533998682238,16
2020-06-23:3,14.726159616881798,13
2020-06-24:3,14.504858625942855,14
2020-06-25:3,9.543991802631554,19
2020-06-26:3,11.5379877330729,10
2020-06-27:3,13.382197129696987,10
2020-06-28:3,13.856981319696073,14
2020-06-29:3,14.036236251654778,2
2020-06-30:3,12.03306473644664,12
2020-07-01:3,12.028346991987128,15
2020-07-02:3,14.984839670229725,9
2020-07-03:3,12.911329103794529,13
2020-07-04:3,13.509109844229865,9
2020-07-05:3,14.084060712818726,15
2020-07-06:3,17.77182325513086,7
2020-07-07:3,16.153534145100544,12
2020-07-08:3,15.611035507714927,18
2020-07-09:3,18.38522319980673,20
2020-07-10:3,24.538241531558555,25
2020-07-11:3,24.2784204974311,22
2020-07-12:3,10.586761150023648,20
2020-07-13:3,14.212502499923579,11
2020-07-14:3,14.565428270834204,13
2020-07-15:3,15.096130861807257,21
2020-07-16:3,16.547274797569553,21
2020-07-17:3,11.461564628934639,28
2020-07-18:3,11.907822712529796,51
2020-07-19:3,15.72661175406811,19
2020-07-20:3,-4.485656410732759,32
2020-07-21:3,6.4700309796504545,30
2020-07-22:3,11.90383542610622,34
2020-07-23:3,14.205459342836036,30
2020-07-24:3,28.425739981704687,27
2020-07-25:3,-15.062486411079407,36
2020-07-26:3,8.816702691613415,21
2020-07-27:3,8.18165893574854,24
2020-07-28:3,12.519748732293307,23
2020-07-29:3,14.77532023717167,41
2020-07-30:3,30.111842946193264,29
2020-07-31:3,33.35952556694762,50
2020-08-01:3,10.082605425410623,43
2020-08-02:3,20.207532262253018,29
2020-08-03:3,20.99397459303124,46
2020-08-04:3,26.145059050729405,28
2020-08-05:3,26.44996446672097,47
2020-08-06:3,29.35101207533248,47
2020-08-07:3,24.7468427940309,53
2020-08-08:3,37.568018352672965,50
2020-08-09:3,36.879423951447365,37
2020-08-10:3,47.7159492402118,44
2020-08-11:3,46.988523804114905,46
2020-08-12:3,46.82669244581584,85
2020-08-13:3,69.41547004964698,78
2020-08-14:3,68.62050696873342,84
2020-08-15:3,82.46336652780971,100
2020-08-16:3,101.77431934763928,88
2020-08-17:3,118.66916582747788,48
2020-08-18:3,95.24724963829561,83
2020-08-19:3,92.19856480623757,68
2020-08-20:3,89.90707816686933,80
2020-08-21:3,86.28234910976421,90
2020-08-22:3,99.22108802607333,109
2020-08-23:3,108.09996811249528,81
2020-08-24:3,114.04970394851969,79
2020-08-25:3,106.57078706809503,58
2020-08-26:3,98.02931847074424,62
2020-08-27:3,98.68593613563172,68
2020-08-28:3,95.55053771516816,124
2020-08-29:3,93.18592976558571,86
2020-08-30:3,89.86251056001433,107
2020-08-31:3,96.84575810438444,101
2020-09-01:3,97.57536605874553,58
2020-09-02:3,91.66312412662565,104
2020-09-03:3,95.98474606245279,89
2020-09-04:3,79.23159289908361,121
2020-09-05:3,91.38293894333538,123
2020-09-06:3,100.16009170639097,116
2020-09-07:3,108.27093393939332,107
2020-09-08:3,108.01698709309622,83
2020-09-09:3,103.85076961841324,100
2020-09-10:3,103.3010306876539,139
2020-09-11:3,124.85333061078948,132
2020-09-12:3,118.5549012401563,137
2020-09-13:3,112.2013356878156,119
2020-09-14:3,122.49523755588015,61
2020-09-15:3,109.23613024783128,97
2020-09-16:3,107.0658194212624,122
2020-09-17:3,104.9353163760805,165
2020-09-18:3,117.66957879653151,179
2020-09-19:3,127.98208545043047,121
2020-09-20:3,135.22199535036881,117
2020-09-21:3,150.3238361111687,128
2020-09-22:3,145.58627414393766,96
2020-09-23:3,136.90534621108122,91
2020-09-24:3,143.65258503177563,148
2020-09-25:3,115.03197202577674,98
2020-09-26:3,98.0922389149577,68
2020-09-27:3,92.38750122743748,125
2020-09-28:3,88.46865166937044,74
2020-09-29:3,84.76863369676133,105
2020-09-30:3,88.88871625687686,125
2020-10-01:3,86.09517320588706,82
2020-10-02:3,81.44074863388471,161
2020-10-03:3,99.77230902301605,130
2020-10-04:3,102.23760200923338,108
2020-10-05:3,116.06398754090553,120
2020-10-06:3,116.71054736761583,102
2020-10-07:3,114.63502114268644,115
2020-10-08:3,132.5697404361091,110
2020-10-09:3,128.68054653133035,119
2020-10-10:3,130.11368332415458,170
2020-10-11:3,135.83345108934392,159
2020-10-12:3,150.8545283854278,119
2020-10-13:3,146.47057227869124,101
2020-10-14:3,140.96976296474068,158
2020-10-15:3,142.8076587324292,142
2020-10-16:3,157.07930751197878,155
2020-10-17:3,159.3813632941909,172
2020-10-18:3,171.71104712281164,153
2020-10-19:3,173.35994151395067,174
2020-10-20:3,173.47236046928379,167
2020-10-21:3,172.50539991673455,203
2020-10-22:3,198.03506992346362,274
2020-10-23:3,223.8067316228115,223
2020-10-24:3,232.32732012576392,317
2020-10-25:3,277.05455290362664,293
2020-10-26:3,293.3995711346181,207
2020-10-27:3,269.8871392228175,217
2020-10-28:3,258.57349534844184,287
2020-10-29:3,308.10404039193634,234
2020-10-30:3,289.6732428574292,272
2020-10-31:3,275.5540486653158,352
2020-11-01:3,300.95377479406073,389
2020-11-02:3,339.8112416149622,379
2020-11-03:3,348.7002470904107,299
2020-11-04:3,339.5112638049205,335
2020-11-05:3,405.2206846690583,425
2020-11-06:3,423.8816321643781,589
2020-11-07:3,472.74046859350057,567
2020-11-08:3,521.1567530352195,536
2020-11-09:3,561.9595366762933,462
2020-11-10:3,605.8086592540053,525
2020-11-11:3,576.577968575619,536
2020-11-12:3,626.8633178374243,594
2020-11-13:3,647.2817346053212,617
2020-11-14:3,639.7745035180138,654
2020-11-15:3,696.7152920678745,659
2020-11-16:3,733.1725189537099,646
2020-11-17:3,717.2461682087122,717
2020-11-18:3,717.2081410097155,762
2020-11-19:3,856.6493217638791,536
2020-11-20:3,760.568999027585,516
2020-11-21:3,754.5347874049722,713
2020-11-22:3,819.2681382265696,626
2020-11-23:3,708.3115726003957,594
2020-11-24:3,674.143653574315,695
2020-11-25:3,678.9430905069605,738
2020-11-26:3,629.3362228493392,887
2020-11-27:3,789.4807702201961,911
2020-11-28:3,882.556232100798,750
2020-11-29:3,824.0723753051128,731
2020-11-30:3,774.1662879726869,596
2020-12-01:3,684.4855009427736,656
2020-12-02:3,674.9479611228409,834
2020-12-03:3,631.3244656693473,694
2020-12-04:3,760.7556872202125,711
2020-12-05:3,710.0754335530867,647
2020-12-06:3,689.6757211575796,726
2020-12-07:3,682.8661279519722,647
2020-12-08:3,672.1151998401093,566
2020-12-09:3,647.6426788062888,619
2020-12-10:3,547.2364455716901,723
2020-12-11:3,557.0953904063176,737
2020-12-12:3,613.2585405155384,698
2020-12-13:3,647.5678264917505,689
2020-12-14:3,636.2585571759496,759
2020-12-15:3,673.0354449133797,522
2020-12-16:3,638.2142830920352,640
2020-12-17:3,703.4094964932679,673
2020-12-18:3,663.8068686442161,624
2020-12-19:3,651.8013108783016,652
2020-12-20:3,640.7493787539704,486
2020-12-21:3,571.9418281699374,529
2020-12-22:3,560.4863189687385,444
2020-12-23:3,535.9555208957272,518
2020-12-24:3,554.0005304150179,582
2020-12-25:3,536.7562405409512,512
2020-12-26:3,526.5779756559303,447
2020-12-27:3,433.2480273039429,424
2020-12-28:3,431.5999211107532,441
2020-12-29:3,433.0217399823709,382
2020-12-30:3,426.3183248908183,485
2020-12-31:3,433.13281722125413,690
2021-01-01:3,413.18063506705045,565
2021-01-02:3,256.75125205354,607
2021-01-03:3,311.25743726708873,500
2021-01-04:3,349.44935522109074,539
2021-01-05:3,381.349763883597,428
2021-01-06:3,388.0698113757559,625
2021-01-07:3,296.57447016000697,761
2021-01-08:3,388.60842013983154,617
2021-01-09:3,431.211129376896,538
2021-01-10:3,414.96063927841453,507
2021-01-11:3,427.52355797394216,430
2021-01-12:3,428.1675512313196,446
2021-01-13:3,431.84779957056475,519
2021-01-14:3,396.8204506557126,536
2021-01-15:3,407.04739060197215,509
2021-01-16:3,429.17969927799095,584
2021-01-17:3,461.164859818937,445
2021-01-18:3,438.39098761727087,301
2021-01-19:3,410.25874242275495,465
2021-01-20:3,419.5625389609389,500
2021-01-21:3,353.40774336203526,564
2021-01-22:3,382.87998192641714,508
2021-01-23:3,407.0790661146447,527
2021-01-24:3,400.226033774374,471
2021-01-25:3,386.896394873566,346
2021-01-26:3,376.92067507284804,407
2021-01-27:3,382.81905219339683,485
2021-01-28:3,396.7912287902959,546
2021-01-29:3,420.38163929682406,514
2021-01-30:3,454.7745341007768,408
2021-01-31:3,447.0171984698625,473
2021-02-01:3,433.9700509744376,277
2021-02-02:3,404.8968370164898,429
2021-02-03:3,408.6634684757702,414
2021-02-04:3,467.6384839503061,465
2021-02-05:3,422.2119818118599,471
2021-02-06:3,450.2080586529813,428
2021-02-07:3,437.1448539051865,465
2021-02-08:3,416.4866700287099,343
2021-02-09:3,405.0247739866246,435
2021-02-10:3,409.0692557276931,469
2021-02-11:3,541.3356140842475,449
2021-02-12:3,462.31561485134085,445
2021-02-13:3,462.8919535217989,452
2021-02-14:3,460.9980071931119,431
2021-02-15:3,450.7296566378343,348
2021-02-16:3,433.35973800133957,302
2021-02-17:3,414.36126980539746,427
2021-02-18:3,415.9582329490223,617
2021-02-19:3,461.94276898728447,508
2021-02-20:3,434.513940902137,504
2021-02-21:3,407.1425583088369,475
2021-02-22:3,436.8696491115584,449
2021-02-23:3,438.77225582310564,559
2021-02-24:3,455.0728903369566,456
2021-02-25:3,516.2127765062827,395
2021-02-26:3,470.8338404719133,589
2021-02-27:3,518.7104379604401,532
2021-02-28:3,548.2715216690225,508
2021-03-01:3,536.9594622860338,438
2021-03-02:3,522.1017001935917,438
2021-03-03:3,511.1230187166183,542
2021-03-04:3,579.2724413304715,564
2021-03-05:3,581.7213704634598,634
2021-03-06:3,601.1433394566226,545
2021-03-07:3,597.1207939908306,532
2021-03-08:3,579.4551240386353,385
2021-03-09:3,553.347405087811,550
2021-03-10:3,552.9511773730135,531
2021-03-11:3,609.3381822378159,569
2021-03-12:3,580.4946763434383,648
2021-03-13:3,608.0390557761755,555
2021-03-14:3,606.5764886170094,491
2021-03-15:3,581.0730110739474,460
2021-03-16:3,567.6732751323409,556
2021-03-17:3,566.5100743513927,498
2021-03-18:3,583.5411622617876,622
2021-03-19:3,585.9984173829112,737
2021-03-20:3,620.698334058733,556
2021-03-21:3,613.6394039894453,598
2021-03-22:3,572.500797449675,631
2021-03-23:3,579.6524998209081,646
2021-03-24:3,586.8800860197921,716
2021-03-25:3,629.0359168012674,800
2021-03-26:3,650.0875580720698,908
2021-03-27:3,702.7116250867564,936
2021-03-28:3,727.1432789941033,805
2021-03-29:3,748.6365955945514,777
2021-03-30:3,751.5184808509305,840
2021-03-31:3,759.6795057048499,1014
2021-04-01:3,877.7962271890459,832
2021-04-02:3,882.2741643521254,1074
2021-04-03:3,943.3041565039159,1077
2021-04-04:3,999.344681538159,999
2021-04-05:3,1084.3103231247187,890
2021-04-06:3,1115.7319029346,1068
2021-04-07:3,1099.0643067585706,997
2021-04-08:3,1106.9036311973332,1293
2021-04-09:3,1179.89339978683,1262
2021-04-10:3,1226.9115684493308,1283
2021-04-11:3,1287.9404885053516,1036
2021-04-12:3,1274.822053570953,970
2021-04-13:3,1232.0602472065375,873
2021-04-14:3,1187.8865483268985,1168
2021-04-15:3,1292.0379169244954,1205
2021-04-16:3,1270.3927245270906,1005
2021-04-17:3,1248.9347478662423,1027
2021-04-18:3,1221.9735533598453,933
2021-04-19:3,1175.9230416843047,1000
2021-04-20:3,1146.1171956670491,849
2021-04-21:3,1103.0710805489014,862
2021-04-22:3,1110.694862256232,1006
2021-04-23:3,1078.5654007724997,1001
2021-04-24:3,1076.9316237330286,881
2021-04-25:3,1028.0936774302759,847
2021-04-26:3,1002.1396983792176,763
2021-04-27:3,959.1509536795421,799
2021-04-28:3,934.7482795428735,841
2021-04-29:3,931.7251639462979,853
2021-04-30:3,836.9761619794283,740
2021-05-01:3,810.5453508138748,835
2021-05-02:3,818.2790678057403,671
2021-05-03:3,773.0032670165037,668
2021-05-04:3,757.5048626945102,697
2021-05-05:3,749.7229886750878,572
2021-05-06:3,747.4888087498313,694
2021-05-07:3,674.1147043755187,722
2021-05-08:3,654.7008948741576,596
2021-05-09:3,660.243198894854,605
2021-05-10:3,670.4960600709276,558
2021-05-11:3,654.5291482843593,515
2021-05-12:3,637.186799978833,600
2021-05-13:3,623.7720795263667,587
2021-05-14:3,544.6842103439511,494
2021-05-15:3,537.5283828106459,443
2021-05-16:3,543.0560647037155,493
2021-05-17:3,508.39853943259857,424
2021-05-18:3,498.42520704757277,411
2021-05-19:3,489.1860065111987,521
2021-05-20:3,489.49288841038356,357
2021-05-21:3,415.6697907329894,420
2021-05-22:3,425.69226216571843,356
2021-05-23:3,400.1710560241737,325
2021-05-24:3,399.2513056304879,293
2021-05-25:3,389.23579950520536,289
2021-05-26:3,380.60124379017105,250
2021-05-27:3,371.41842810939295,378
2021-05-28:3,296.86893178333276,317
2021-05-29:3,269.6572570997007,258
2021-05-30:3,301.56607613094343,238
2021-05-31:3,259.29058378135653,212
2021-06-01:3,254.32046826119662,184
2021-06-02:3,247.6328262020157,194
2021-06-03:3,234.03360828232476,199
2021-06-04:3,72.68971248026403,183
2021-06-05:3,194.88649219015963,218
2021-06-06:3,189.65557619882105,131
2021-06-07:3,172.98272562819912,133
2021-06-08:3,169.81792120277754,165
2021-06-09:3,169.46453415315028,148
2021-06-10:3,186.04081835086305,153
2021-06-11:3,110.99014631576959,180
2021-06-12:3,110.09893301197388,96
2021-06-13:3,103.26153179417415,113
2021-06-14:3,87.4811394200802,68
2021-06-15:3,86.23816843345486,108
2021-06-16:3,87.54337887302682,113
2021-06-17:3,86.91971852551546,120
2021-06-18:3,47.77621973447971,109
2021-06-19:3,50.71511158318613,94
2021-06-20:3,37.75920798542288,90
2021-06-21:3,34.67526590210867,45
2021-06-22:3,35.24717112142543,56
2021-06-23:3,36.336374022054166,87
2021-06-24:3,30.959586151606352,75
2021-06-25:3,20.962232444830633,72
2021-06-26:3,12.238640895426443,57
2021-06-27:3,-44.56596654852768,50
2021-06-28:3,-40.776156065177574,38
2021-06-29:3,-36.56705153715917,29
2021-06-30:3,-33.241417906045314,44
2021-07-01:3,26.41309208600152,49
2021-07-02:3,0.44977141729778225,35
2021-07-03:3,-4.8010393854769475,30
2021-07-04:3,-3.407703235125169,37
2021-07-05:3,-3.4811939592268004,20
2021-07-06:3,-2.550750205389427,46
2021-07-07:3,-0.7002499315566126,59
2021-07-08:3,-6.488827914967871,63
2021-07-09:3,-21.748121448081903,45
2021-07-10:3,-20.36875505248497,46
2021-07-11:3,-14.033466439227894,47
2021-07-12:3,-19.07408676562838,30
2021-07-13:3,-17.117821771153004,33
2021-07-14:3,-15.196538908129511,41
2021-07-15:3,-18.249398341746655,58
2021-07-16:3,-16.243476387329977,45
2021-07-17:3,-18.039363994539016,56
2021-07-18:3,-14.977319273230322,60
2021-07-19:3,-18.712908972930478,40
2021-07-20:3,-16.310842206903516,76
2021-07-21:3,-12.682651186122897,78
2021-07-22:3,-10.930399620246163,89
2021-07-23:3,24.914620341407,112
2021-07-24:3,-14.682600681705395,94
2021-07-25:3,-13.165442197752597,79
2021-07-26:3,-21.96108696797424,94
2021-07-27:3,-16.85584196286976,150
2021-07-28:3,-9.819699545156013,185
2021-07-29:3,-24.039760074422702,202
2021-07-30:3,-19.56707110846375,243
2021-07-31:3,3.09570147272904,160
2021-08-01:3,2.1056737336590174,196
2021-08-02:3,22.017035138078427,185
2021-08-03:3,34.97557226711404,201
2021-08-04:3,47.203691765737,342
2021-08-05:3,67.42670984212968,402
2021-08-06:3,124.25931586613375,464
2021-08-07:3,178.71442046811873,422
2021-08-08:3,253.18199158130994,364
2021-08-09:3,317.4930581421891,293
2021-08-10:3,313.2451126815967,395
2021-08-11:3,325.3285565050985,536
2021-08-12:3,369.10803120631556,513
2021-08-13:3,499.0413401420975,717
2021-08-14:3,582.9558952833071,532
2021-08-15:3,614.7585828367302,441
2021-08-16:3,657.3854531718448,461
2021-08-17:3,622.2165047990168,461
2021-08-18:3,597.7306176973235,553
2021-08-19:3,693.472706821681,689
2021-08-20:3,692.1557371553843,663
2021-08-21:3,757.4756967029023,724
2021-08-22:3,800.3920876963849,545
2021-08-23:3,803.989280528671,442
2021-08-24:3,754.5064732673447,641
2021-08-25:3,740.8564126526229,698
2021-08-26:3,636.5015249852718,724
2021-08-27:3,653.1600825895734,867
2021-08-28:3,685.2149615164927,867
2020-04-01:5,5.5776850043420865,53
2020-04-02:5,280.3866102709003,55
2020-04-03:5,165.30303838119073,53
2020-04-04:5,-96.62004099157886,29
2020-04-05:5,96.82548913590514,26
2020-04-06:5,-56.466259563747286,37
2020-04-07:5,136.26945905521328,25
2020-04-08:5,177.9750988277719,45
2020-04-09:5,89.6854512923419,34
2020-04-10:5,62.8671252608537,40
2020-04-11:5,73.03942022018948,35
2020-04-12:5,76.09585526463286,25
2020-04-13:5,72.27959786835393,20
2020-04-14:5,58.51518745410576,27
2020-04-15:5,72.66307592315398,44
2020-04-16:5,38.215135225585264,14
2020-04-17:5,29.336975517868467,43
2020-04-18:5,81.75924743748263,29
2020-04-19:5,22.397930625758356,29
2020-04-20:5,33.26559496149975,23
2020-04-21:5,16.32245002921725,25
2020-04-22:5,30.34607684739732,71
2020-04-23:5,41.98845004693559,29
2020-04-24:5,617.1420464327018,29
2020-04-25:5,345.36600114246767,95
2020-04-26:5,79.13922416734803,39
2020-04-27:5,60.85563562753637,11
2020-04-28:5,49.35318913297952,55
2020-04-29:5,47.23665325081953,34
2020-04-30:5,12.557220280350965,25
2020-05-01:5,20.414479689934804,33
2020-05-02:5,-4.503029993023905,26
2020-05-03:5,-6.994045419887595,34
2020-05-04:5,-10.161984505874656,19
2020-05-05:5,-7.34171853511269,8
2020-05-06:5,-10.316489870211345,23
2020-05-07:5,1.6612342522724646,33
2020-05-08:5,12.427505432532772,29
2020-05-09:5,13.138223421812967,15
2020-05-10:5,3.817035737683115,9
2020-05-11:5,13.919225317567903,14
2020-05-12:5,7.585056138533762,7
2020-05-13:5,-6.551213252939185,16
2020-05-14:5,-18.230569295416117,15
2020-05-15:5,-7.510841553109522,15
2020-05-16:5,-7.995034172108273,21
2020-05-17:5,-18.43734796575057,8
2020-05-18:5,-10.639040271456118,8
2020-05-19:5,-4.601444064223735,2
2020-05-20:5,-3.553353975655284,21
2020-05-21:5,-5.134130137923261,12
2020-05-22:5,-1.6500422571952562,18
2020-05-23:5,4.07222978424028,10
2020-05-24:5,8.145197632176986,5
2020-05-25:5,3.334936147652371,7
2020-05-26:5,1.7259971538734504,11
2020-05-27:5,-3.3789630473341496,9
2020-05-28:5,-2.062345227370912,9
2020-05-29:5,-0.09023350489597703,4
2020-05-30:5,3.844228519343316,11
2020-05-31:5,-1.084888762602521,9
2020-06-01:5,2.0687806319244224,15
2020-06-02:5,5.174596461524342,4
2020-06-03:5,2.006081402585334,22
2020-06-04:5,2.5564714587230437,5
2020-06-05:5,2.770410446055667,1
2020-06-06:5,-1.8261657403471467,14
2020-06-07:5,-1.653263229779597,6
2020-06-08:5,-7.674464763455692,9
2020-06-09:5,-2.6820441212054256,10
2020-06-10:5,2.080644345211976,12
2020-06-11:5,3.3320694009254126,14
2020-06-12:5,4.527161847037522,16
2020-06-13:5,-0.4736466142336795,14
2020-06-14:5,-1.6267046116989121,16
2020-06-15:5,1.9581278497366057,6
2020-06-16:5,2.809963718723729,11
2020-06-17:5,5.140899100978265,19
2020-06-18:5,7.06761069611143,8
2020-06-19:5,7.181411951741895,7
2020-06-20:5,6.298346492163391,10
2020-06-21:5,10.276471960730214,6
2020-06-22:5,9.281316987177567,16
2020-06-23:5,12.070874258942467,13
2020-06-24:5,11.67239945355923,14
2020-06-25:5,12.014690947629052,19
2020-06-26:5,12.910237222833242,10
2020-06-27:5,4.506427085540565,10
2020-06-28:5,4.886064879439514,14
2020-06-29:5,8.42956117592407,2
2020-06-30:5,9.023585507242728,12
2020-07-01:5,4.229090409961534,15
2020-07-02:5,6.021675636151425,9
2020-07-03:5,6.446629069215087,13
2020-07-04:5,7.664204983283305,9
2020-07-05:5,5.988043223639412,15
2020-07-06:5,7.329488041444916,7
2020-07-07:5,9.771071157206286,12
2020-07-08:5,10.89261042077272,18
2020-07-09:5,11.960378697728904,20
2020-07-10:5,13.010444364511294,25
2020-07-11:5,23.248872675040573,22
2020-07-12:5,24.72586866244179,20
2020-07-13:5,25.032946619303218,11
2020-07-14:5,6.1758823871545925,13
2020-07-15:5,8.538170283794953,21
2020-07-16:5,10.718678986390803,21
2020-07-17:5,12.242531220212317,28
2020-07-18:5,14.279580051753381,51
2020-07-19:5,17.199949888782903,19
2020-07-20:5,15.687934981659716,32
2020-07-21:5,12.550756631502743,30
2020-07-22:5,-0.4897370588093146,34
2020-07-23:5,9.86662800528952,30
2020-07-24:5,14.516052157628812,27
2020-07-25:5,13.746873631677232,36
2020-07-26:5,33.69517655730061,21
2020-07-27:5,-6.495970890535869,24
2020-07-28:5,7.142905012254587,23
2020-07-29:5,10.091877150732742,41
2020-07-30:5,18.568253517771083,29
2020-07-31:5,20.813385767980815,50
2020-08-01:5,35.49053508882281,43
2020-08-02:5,40.230178380050845,29
2020-08-03:5,17.87562697287612,46
2020-08-04:5,25.93377681981435,28
2020-08-05:5,27.15472538264075,47
2020-08-06:5,30.86470450942939,47
2020-08-07:5,33.51693933428023,53
2020-08-08:5,36.26736214796307,50
2020-08-09:5,33.72796750543775,37
2020-08-10:5,41.363717071514934,44
2020-08-11:5,38.50202830859304,46
2020-08-12:5,48.18336601474027,85
2020-08-13:5,55.39050322278719,78
2020-08-14:5,59.09190682955235,84
2020-08-15:5,81.37950963988418,100
2020-08-16:5,89.40484542653655,88
2020-08-17:5,101.55091589318926,48
2020-08-18:5,95.85006568462542,83
2020-08-19:5,108.61359037852813,68
2020-08-20:5,95.1530082583158,80
2020-08-21:5,91.38099839475197,90
2020-08-22:5,94.41730283187132,109
2020-08-23:5,97.45877192450214,81
2020-08-24:5,103.02092567472087,79
2020-08-25:5,103.52115260474025,58
2020-08-26:5,104.31838529662564,62
2020-08-27:5,95.2884748981779,68
2020-08-28:5,90.48963045932582,124
2020-08-29:5,97.4206659268229,86
2020-08-30:5,96.45772358353568,107
2020-08-31:5,90.2637805163741,101
2020-09-01:5,89.49264553365758,58
2020-09-02:5,87.84294482461726,104
2020-09-03:5,90.68060239757908,89
2020-09-04:5,90.42953389321154,121
2020-09-05:5,100.69033300518792,123
2020-09-06:5,94.22776329422156,116
2020-09-07:5,101.70025397980015,107
2020-09-08:5,106.46295618924967,83
2020-09-09:5,107.72526033427863,100
2020-09-10:5,106.18166673125283,139
2020-09-11:5,111.64708561025006,132
2020-09-12:5,114.55268384208095,137
2020-09-13:5,135.37100946701662,119
2020-09-14:5,125.66568241270261,61
2020-09-15:5,104.7182719737794,97
2020-09-16:5,108.0829552901935,122
2020-09-17:5,111.08363626244837,165
2020-09-18:5,120.6467306050883,179
2020-09-19:5,132.36174052945637,121
2020-09-20:5,132.5800346633425,117
2020-09-21:5,125.86972965623463,128
2020-09-22:5,134.14564430986837,96
2020-09-23:5,149.611919380985,91
2020-09-24:5,137.17330449853804,148
2020-09-25:5,139.06870327615871,98
2020-09-26:5,143.60733106524938,68
2020-09-27:5,113.66715727241696,125
2020-09-28:5,111.83241824521481,74
2020-09-29:5,102.80713902562908,105
2020-09-30:5,89.67976911155145,125
2020-10-01:5,98.71208892063214,82
2020-10-02:5,95.30870107855837,161
2020-10-03:5,97.67482823210295,130
2020-10-04:5,105.81252937938852,108
2020-10-05:5,111.20031377177159,120
2020-10-06:5,109.62663614197749,102
2020-10-07:5,121.03722204793675,115
2020-10-08:5,120.04550129458696,110
2020-10-09:5,118.62817120764728,119
2020-10-10:5,136.13311865873388,170
2020-10-11:5,145.88418968671118,159
2020-10-12:5,154.54828500741002,119
2020-10-13:5,146.50743578952157,101
2020-10-14:5,149.1709077247762,158
2020-10-15:5,150.38600507384285,142
2020-10-16:5,149.3715068499304,155
2020-10-17:5,149.9789313806378,172
2020-10-18:5,166.33065930058723,153
2020-10-19:5,168.46556625176083,174
2020-10-20:5,177.8747752361063,167
2020-10-21:5,180.1628870952935,203
2020-10-22:5,184.17396488200478,274
2020-10-23:5,197.59383433508458,223
2020-10-24:5,230.40204957734522,317
2020-10-25:5,261.799122796057,293
2020-10-26:5,280.82759398546267,207
2020-10-27:5,278.3708043534333,217
2020-10-28:5,266.6897743597557,287
2020-10-29:5,272.2169175065162,234
2020-10-30:5,264.0415349655268,272
2020-10-31:5,291.2713483070024,352
2020-11-01:5,331.9668506570941,389
2020-11-02:5,348.6846141921584,379
2020-11-03:5,365.80733600462924,299
2020-11-04:5,361.4551473560048,335
2020-11-05:5,355.4544481914452,425
2020-11-06:5,368.312591773437,589
2020-11-07:5,483.5874093535882,567
2020-11-08:5,518.860061784749,536
2020-11-09:5,537.4470759545455,462
2020-11-10:5,549.6556298883371,525
2020-11-11:5,582.5569250148939,536
2020-11-12:5,609.6142034521461,594
2020-11-13:5,603.966121235308,617
2020-11-14:5,680.8290727215623,654
2020-11-15:5,696.4190832251805,659
2020-11-16:5,687.1424117098948,646
2020-11-17:5,740.221767971999,717
2020-11-18:5,787.43882734682,762
2020-11-19:5,782.7911735709548,536
2020-11-20:5,744.6677411555755,516
2020-11-21:5,857.6794905058193,713
2020-11-22:5,804.2698066910039,626
2020-11-23:5,812.629633809249,594
2020-11-24:5,783.7839483572712,695
2020-11-25:5,723.268335819568,738
2020-11-26:5,727.671654725837,887
2020-11-27:5,764.3360986854282,911
2020-11-28:5,814.603102671962,750
2020-11-29:5,793.667343448301,731
2020-11-30:5,778.2944222282306,596
2020-12-01:5,669.0815109592925,656
2020-12-02:5,626.6803097632238,834
2020-12-03:5,731.0355904327234,694
2020-12-04:5,718.6353023276835,711
2020-12-05:5,717.7991182735743,647
2020-12-06:5,717.5607788980675,726
2020-12-07:5,690.7819805158883,647
2020-12-08:5,686.2658150213673,566
2020-12-09:5,602.9971609890612,619
2020-12-10:5,607.7940370840416,723
2020-12-11:5,634.3630899146483,737
2020-12-12:5,550.5580036492672,698
2020-12-13:5,561.0959932338251,689
2020-12-14:5,609.7008384585966,759
2020-12-15:5,639.567109253689,522
2020-12-16:5,620.3507630736905,640
2020-12-17:5,626.2382429984638,673
2020-12-18:5,637.0191474976413,624
2020-12-19:5,615.1562740518737,652
2020-12-20:5,636.3874396495589,486
2020-12-21:5,576.4776727361754,529
2020-12-22:5,549.8799865669735,444
2020-12-23:5,498.65989534482844,518
2020-12-24:5,503.8192179976272,582
2020-12-25:5,520.283271402937,512
2020-12-26:5,482.53774189702483,447
2020-12-27:5,493.02405053779734,424
2020-12-28:5,462.68988217309754,441
2020-12-29:5,398.1941461848292,382
2020-12-30:5,395.3081606937171,485
2020-12-31:5,408.8745946840713,690
2021-01-01:5,445.809836117677,565
2021-01-02:5,459.65096209316783,607
2021-01-03:5,287.8390606532441,500
2021-01-04:5,287.9083840378843,539
2021-01-05:5,325.40165694200175,428
2021-01-06:5,346.16235576663445,625
2021-01-07:5,393.0893119471866,761
2021-01-08:5,446.08748521300345,617
2021-01-09:5,315.68553884934147,538
2021-01-10:5,432.6181593405961,507
2021-01-11:5,430.4267526709121,430
2021-01-12:5,376.45717465673016,446
2021-01-13:5,352.64518655868056,519
2021-01-14:5,395.9053869031833,536
2021-01-15:5,424.81801544202835,509
2021-01-16:5,376.5053517498582,584
2021-01-17:5,431.13215913957924,445
2021-01-18:5,433.1691397513768,301
2021-01-19:5,394.03639311729785,465
2021-01-20:5,381.3805036834437,500
2021-01-21:5,405.66908922384897,564
2021-01-22:5,432.5789309914602,508
2021-01-23:5,315.46352814715283,527
2021-01-24:5,395.65365725403234,471
2021-01-25:5,403.0005849156379,346
2021-01-26:5,350.41163842177434,407
2021-01-27:5,344.16641443345264,485
2021-01-28:5,378.5194764206102,546
2021-01-29:5,411.36141322633506,514
2021-01-30:5,368.32265383832606,408
2021-01-31:5,410.4122017994274,473
2021-02-01:5,468.26424853695664,277
2021-02-02:5,426.3537439693394,429
2021-02-03:5,413.24117697577964,414
2021-02-04:5,413.3817224110518,465
2021-02-05:5,421.4481752817226,471
2021-02-06:5,445.09198778783707,428
2021-02-07:5,433.7913121481408,465
2021-02-08:5,442.7094013687257,343
2021-02-09:5,450.6836497577497,435
2021-02-10:5,422.98848310842106,469
2021-02-11:5,430.1650121734058,449
2021-02-12:5,432.70636963719517,445
2021-02-13:5,613.6484680671324,452
2021-02-14:5,529.8321706994611,431
2021-02-15:5,506.10219162392696,348
2021-02-16:5,460.8558206110439,302
2021-02-17:5,419.6529306674718,427
2021-02-18:5,420.89520092029056,617
2021-02-19:5,449.2577025899469,508
2021-02-20:5,456.6800688001228,504
2021-02-21:5,465.7067277381386,475
2021-02-22:5,480.1392550380344,449
2021-02-23:5,446.97025517390887,559
2021-02-24:5,482.24716115987314,456
2021-02-25:5,478.1303779405476,395
2021-02-26:5,466.8594527719486,589
2021-02-27:5,536.6674754170826,532
2021-02-28:5,526.6754894789412,508
2021-03-01:5,542.904671478831,438
2021-03-02:5,534.0607441390227,438
2021-03-03:5,518.7932143080942,542
2021-03-04:5,522.2774783973945,564
2021-03-05:5,527.723958956498,634
2021-03-06:5,583.776421119954,545
2021-03-07:5,612.0754121301745,532
2021-03-08:5,600.8948742720144,385
2021-03-09:5,580.6776281577341,550
2021-03-10:5,564.8699069853243,531
2021-03-11:5,560.322502966868,569
2021-03-12:5,561.3496463001101,648
2021-03-13:5,620.2311498769986,555
2021-03-14:5,611.6947944530832,491
2021-03-15:5,619.7576558370357,460
2021-03-16:5,602.0120520343208,556
2021-03-17:5,587.3206758384165,498
2021-03-18:5,577.4351244695008,622
2021-03-19:5,581.8758574628688,737
2021-03-20:5,599.6173882066228,556
2021-03-21:5,619.3304666081212,598
2021-03-22:5,623.0918562899215,631
2021-03-23:5,614.6080135003215,646
2021-03-24:5,595.9832384238624,716
2021-03-25:5,610.6556462676015,800
2021-03-26:5,631.2819341334675,908
2021-03-27:5,652.2434835464882,936
2021-03-28:5,714.4113676189635,805
2021-03-29:5,755.6808761751527,777
2021-03-30:5,752.6531657775691,840
2021-03-31:5,789.1292595174876,1014
2021-04-01:5,811.9774219709197,832
2021-04-02:5,813.8241890529831,1074
2021-04-03:5,914.5206674814582,1077
2021-04-04:5,943.655750424412,999
2021-04-05:5,992.5114496084858,890
2021-04-06:5,1019.5960117783216,1068
2021-04-07:5,1088.4800511218973,997
2021-04-08:5,1134.868973750822,1293
2021-04-09:5,1190.0870548742867,1262
2021-04-10:5,1080.7551973016955,1283
2021-04-11:5,1201.4222480128474,1036
2021-04-12:5,1261.6538578231562,970
2021-04-13:5,1255.1990163406567,873
2021-04-14:5,1223.1826600561992,1168
2021-04-15:5,1215.4413887264059,1205
2021-04-16:5,1214.1568278064071,1005
2021-04-17:5,1237.1284642926219,1027
2021-04-18:5,1201.9213145725198,933
2021-04-19:5,1142.8147526366245,1000
2021-04-20:5,1141.5130481235983,849
2021-04-21:5,1071.4383241327434,862
2021-04-22:5,1035.954135254207,1006
2021-04-23:5,1031.6144027405062,1001
2021-04-24:5,1047.4325945166865,881
2021-04-25:5,1014.3873164558421,847
2021-04-26:5,973.7183714783247,763
2021-04-27:5,948.8833050657217,799
2021-04-28:5,891.2212430352109,841
2021-04-29:5,882.1932639502941,853
2021-04-30:5,877.7450000417853,740
2021-05-01:5,829.5477086565196,835
2021-05-02:5,779.7152941560528,671
2021-05-03:5,735.095211968997,668
2021-05-04:5,749.9362864943233,697
2021-05-05:5,698.0715267445792,572
2021-05-06:5,679.4634629147992,694
2021-05-07:5,681.3330895074027,722
2021-05-08:5,711.0607436583934,596
2021-05-09:5,645.2955684185199,605
2021-05-10:5,599.0543863389385,558
2021-05-11:5,610.1521621817224,515
2021-05-12:5,612.3711966912584,600
2021-05-13:5,610.615314697357,587
2021-05-14:5,607.6801214573564,494
2021-05-15:5,554.8600403695723,443
2021-05-16:5,501.97205737648255,493
2021-05-17:5,493.6794426364478,424
2021-05-18:5,516.6942952095637,411
2021-05-19:5,483.09505305602994,521
2021-05-20:5,487.5742613154606,357
2021-05-21:5,473.77501707088106,420
2021-05-22:5,444.54610579519397,356
2021-05-23:5,388.7686396341993,325
2021-05-24:5,377.56425777582837,293
2021-05-25:5,361.22952970664653,289
2021-05-26:5,352.4964987711469,250
2021-05-27:5,342.8349298598732,378
2021-05-28:5,345.86413458361494,317
2021-05-29:5,347.7117723958943,258
2021-05-30:5,264.01834268134246,238
2021-05-31:5,232.31468494701684,212
2021-06-01:5,255.88157182558223,184
2021-06-02:5,196.90028614043493,194
2021-06-03:5,196.5954737231075,199
2021-06-04:5,196.82414983204558,183
2021-06-05:5,183.4048564453882,218
2021-06-06:5,48.20400824244083,131
2021-06-07:5,155.75910549968677,133
2021-06-08:5,154.25004305381495,165
2021-06-09:5,141.2352433527889,148
2021-06-10:5,141.77070289030905,153
2021-06-11:5,142.594354421293,180
2021-06-12:5,167.39266128287974,96
2021-06-13:5,90.01505385072419,113
2021-06-14:5,72.14566226155421,68
2021-06-15:5,73.14738353933373,108
2021-06-16:5,67.90876176924517,113
2021-06-17:5,70.78575472454952,120
2021-06-18:5,73.73747992802842,109
2021-06-19:5,89.67474027408038,94
2021-06-20:5,36.45708295583749,90
2021-06-21:5,31.53635312487289,45
2021-06-22:5,25.62744887340618,56
2021-06-23:5,25.324779036898157,87
2021-06-24:5,28.74107823037106,75
2021-06-25:5,31.168956957940992,72
2021-06-26:5,27.380588900682824,57
2021-06-27:5,16.422055485316406,50
2021-06-28:5,2.305653266086921,38
2021-06-29:5,-70.72604501902856,29
2021-06-30:5,-62.44653446020726,44
2021-07-01:5,-56.75896841778163,49
2021-07-02:5,-51.394756150856495,35
2021-07-03:5,-1.7987081425834646,30
2021-07-04:5,-13.331187428896442,37
2021-07-05:5,-17.950662085418912,20
2021-07-06:5,-16.431223863238458,46
2021-07-07:5,-20.337610658887314,59
2021-07-08:5,-17.19385296025594,63
2021-07-09:5,-14.13728336586422,45
2021-07-10:5,-17.660323381789368,46
2021-07-11:5,-34.60153985030942,47
2021-07-12:5,-34.55063359375072,30
2021-07-13:5,-26.479111100951627,33
2021-07-14:5,-29.491998365284005,41
2021-07-15:5,-26.681940392090894,58
2021-07-16:5,-23.43563089313605,45
2021-07-17:5,-28.817824714404622,56
2021-07-18:5,-26.031980713793672,60
2021-07-19:5,-30.69657428216155,40
2021-07-20:5,-29.57693593337308,76
2021-07-21:5,-29.35786275334297,78
2021-07-22:5,-24.9656301301804,89
2021-07-23:5,-20.486317992729212,112
2021-07-24:5,-18.977454749238802,94
2021-07-25:5,6.033119649643766,79
2021-07-26:5,-17.6899451911232,94
2021-07-27:5,-20.082858351807474,150
2021-07-28:5,-34.60013166731622,185
2021-07-29:5,-24.932125747154274,202
2021-07-30:5,-15.362627088143782,243
2021-07-31:5,-24.217268021898775,160
2021-08-01:5,-19.656406989783292,196
2021-08-02:5,-12.780201536409322,185
2021-08-03:5,-10.643125389938646,201
2021-08-04:5,10.195109404138663,342
2021-08-05:5,36.57643090008649,402
2021-08-06:5,63.490802065682026,464
2021-08-07:5,90.96572126703512,422
2021-08-08:5,145.19039165761194,364
2021-08-09:5,184.48648496513562,293
2021-08-10:5,232.9273166869532,395
2021-08-11:5,306.626048084932,536
2021-08-12:5,346.4074437833013,513
2021-08-13:5,371.0299692430946,717
2021-08-14:5,412.0893345629146,532
2021-08-15:5,565.7356565568657,441
2021-08-16:5,583.9673112210078,461
2021-08-17:5,597.6979313742482,461
2021-08-18:5,652.4811166610699,553
2021-08-19:5,634.6659159961588,689
2021-08-20:5,642.9182859898605,663
2021-08-21:5,744.6746913459242,724
2021-08-22:5,740.5892126704288,545
2021-08-23:5,787.1113722054524,442
2021-08-24:5,776.2004657245112,641
2021-08-25:5,795.8170920830593,698
2021-08-26:5,782.4458002388869,724
2021-08-27:5,775.4172256301343,867
2021-08-28:5,641.7089923819078,867
2020-04-01:7,-19.147752126578624,53
2020-04-02:7,215.24885858360608,55
2020-04-03:7,53.1255687804921,53
2020-04-04:7,-352.6889251048184,29
2020-04-05:7,-59.91866502182194,26
2020-04-06:7,-54.35947725894752,37
2020-04-07:7,158.94691979589822,25
2020-04-08:7,-100.87893568329315,45
2020-04-09:7,164.7477940853538,34
2020-04-10:7,139.12297016907593,40
2020-04-11:7,9.908129595542079,35
2020-04-12:7,13.803002470347238,25
2020-04-13:7,63.822447158538765,20
2020-04-14:7,84.78632392916712,27
2020-04-15:7,59.50076878406628,44
2020-04-16:7,28.369580367312064,14
2020-04-17:7,10.44712843126926,43
2020-04-18:7,35.011895669906444,29
2020-04-19:7,24.493308692013397,29
2020-04-20:7,71.93168804067534,23
2020-04-21:7,26.921531255212326,25
2020-04-22:7,22.395867347995246,71
2020-04-23:7,36.12426693717288,29
2020-04-24:7,26.335738354481055,29
2020-04-25:7,27.41470323128128,95
2020-04-26:7,-418.3786658662694,39
2020-04-27:7,-63.7175396160133,11
2020-04-28:7,-20.856907379388883,55
2020-04-29:7,37.876299342717815,34
2020-04-30:7,58.05525031514344,25
2020-05-01:7,40.94200104980837,33
2020-05-02:7,37.143472675996904,26
2020-05-03:7,32.90093642375079,34
2020-05-04:7,28.45455035396256,19
2020-05-05:7,20.22421345402206,8
2020-05-06:7,1.8963295003397143,23
2020-05-07:7,3.0722664786290643,33
2020-05-08:7,20.139378842979987,29
2020-05-09:7,21.936148250665294,15
2020-05-10:7,20.06501648194771,9
2020-05-11:7,24.50042156815467,14
2020-05-12:7,11.0290613755622,7
2020-05-13:7,23.043079177108496,16
2020-05-14:7,14.634391369735363,15
2020-05-15:7,-0.18374418999949427,15
2020-05-16:7,-23.298257516986624,21
2020-05-17:7,-9.114604051126328,8
2020-05-18:7,-9.966085910852208,8
2020-05-19:7,-31.471857222800324,2
2020-05-20:7,-21.51686137465568,21
2020-05-21:7,-5.9790495779250605,12
2020-05-22:7,-5.897022866765685,18
2020-05-23:7,-7.496908608142327,10
2020-05-24:7,-4.046564143239955,5
2020-05-25:7,-0.22232396203987648,7
2020-05-26:7,4.799359140093486,11
2020-05-27:7,3.2107398469653177,9
2020-05-28:7,4.745964445796506,9
2020-05-29:7,0.27611700789362814,4
2020-05-30:7,-1.078687947615986,11
2020-05-31:7,1.0216808326141447,9
2020-06-01:7,7.233809138129846,15
2020-06-02:7,0.6353426808657332,4
2020-06-03:7,3.262053771822398,22
2020-06-04:7,7.140502317516086,5
2020-06-05:7,2.9900159260610906,1
2020-06-06:7,2.000429503656452,14
2020-06-07:7,3.2569690660503134,6
2020-06-08:7,-1.5544621432837964,9
2020-06-09:7,-5.215813490169598,10
2020-06-10:7,-8.327469933431647,12
2020-06-11:7,-8.727964693265509,14
2020-06-12:7,-3.688559201656833,16
2020-06-13:7,-1.2046522672423379,14
2020-06-14:7,0.49867387474782277,16
2020-06-15:7,-5.980232488043967,6
2020-06-16:7,-7.375856256571897,11
2020-06-17:7,-4.717562079828305,19
2020-06-18:7,-1.162995184693301,8
2020-06-19:7,2.5575044105889404,7
2020-06-20:7,3.1751063622458773,10
2020-06-21:7,4.008107622857665,6
2020-06-22:7,3.220257740647959,16
2020-06-23:7,7.477868979406081,13
2020-06-24:7,9.198545595679143,14
2020-06-25:7,11.532975358502615,19
2020-06-26:7,12.165990894350108,10
2020-06-27:7,11.847465337848424,10
2020-06-28:7,11.610612438503106,14
2020-06-29:7,6.343660582663592,2
2020-06-30:7,5.12862576813821,12
2020-07-01:7,8.856868593214232,15
2020-07-02:7,13.840701229889337,9
2020-07-03:7,8.727546615197468,13
2020-07-04:7,9.43860418681301,9
2020-07-05:7,9.376023241229785,15
2020-07-06:7,10.460533967905768,7
2020-07-07:7,8.503394910219065,12
2020-07-08:7,9.087351985440616,18
2020-07-09:7,15.19738471291353,20
2020-07-10:7,15.557252776462132,25
2020-07-11:7,16.97587009301906,22
2020-07-12:7,17.632078404632637,20
2020-07-13:7,31.741030445634465,11
2020-07-14:7,26.960981981247226,13
2020-07-15:7,28.528752221128727,21
2020-07-16:7,8.669897401747173,21
2020-07-17:7,11.273907114777542,28
2020-07-18:7,14.321041145802708,51
2020-07-19:7,19.86196604252127,19
2020-07-20:7,19.83451238161375,32
2020-07-21:7,19.797749217388017,30
2020-07-22:7,19.34138363257925,34
2020-07-23:7,15.31771810295658,30
2020-07-24:7,3.9129364518206273,27
2020-07-25:7,10.845377193694095,36
2020-07-26:7,16.654364920606064,21
2020-07-27:7,3.912151985554871,24
2020-07-28:7,20.126208665048072,23
2020-07-29:7,-7.647294054561822,41
2020-07-30:7,14.142994312123909,29
2020-07-31:7,16.490521036054126,50
2020-08-01:7,25.680304477350766,43
2020-08-02:7,29.407868893142485,29
2020-08-03:7,36.75332281196526,46
2020-08-04:7,40.85433047787641,28
2020-08-05:7,22.168875928057062,47
2020-08-06:7,28.666656519192912,47
2020-08-07:7,35.339263323841976,53
2020-08-08:7,38.1777082391563,50
2020-08-09:7,40.12099424442219,37
2020-08-10:7,39.68040362477986,44
2020-08-11:7,38.91880504105897,46
2020-08-12:7,48.188039538413705,85
2020-08-13:7,56.23611723122699,78
2020-08-14:7,68.25772304092362,84
2020-08-15:7,71.33939395240813,100
2020-08-16:7,76.03142543112438,88
2020-08-17:7,99.46567048231393,48
2020-08-18:7,91.83418549255407,83
2020-08-19:7,99.9871830305748,68
2020-08-20:7,99.67563888596135,80
2020-08-21:7,106.9541697104259,90
2020-08-22:7,101.33504095228832,109
2020-08-23:7,103.24306480068243,81
2020-08-24:7,107.41428491581539,79
2020-08-25:7,97.82020334306969,58
2020-08-26:7,95.10884465265985,62
2020-08-27:7,91.64927742571064,68
2020-08-28:7,96.23068438234944,124
2020-08-29:7,102.15610970507691,86
2020-08-30:7,99.31495945754631,107
2020-08-31:7,101.19729158524976,101
2020-09-01:7,101.19420075988491,58
2020-09-02:7,83.41603665137605,104
2020-09-03:7,83.30295150781296,89
2020-09-04:7,87.6845766301555,121
2020-09-05:7,93.53575200807407,123
2020-09-06:7,97.93747408482429,116
2020-09-07:7,113.5418750139292,107
2020-09-08:7,100.29972734402155,83
2020-09-09:7,97.55886352852201,100
2020-09-10:7,104.37519643366758,139
2020-09-11:7,114.84644825979436,132
2020-09-12:7,118.27392016230954,137
2020-09-13:7,121.39247799510433,119
2020-09-14:7,121.05092593532768,61
2020-09-15:7,131.43632041101563,97
2020-09-16:7,116.8557388278656,122
2020-09-17:7,108.14236227611607,165
2020-09-18:7,127.87900226844788,179
2020-09-19:7,138.90129962930007,121
2020-09-20:7,135.72616307810105,117
2020-09-21:7,135.2184715731227,128
2020-09-22:7,138.02678249675392,96
2020-09-23:7,126.14197130031853,91
2020-09-24:7,127.36999799030579,148
2020-09-25:7,151.44529127878192,98
2020-09-26:7,140.10313762611315,68
2020-09-27:7,127.48024646780124,125
2020-09-28:7,139.27950929407126,74
2020-09-29:7,104.69053976016251,105
2020-09-30:7,99.23069562784218,125
2020-10-01:7,109.68701406511158,82
2020-10-02:7,91.58001000841563,161
2020-10-03:7,109.33254262145317,130
2020-10-04:7,113.54143437058116,108
2020-10-05:7,109.33473610829162,120
2020-10-06:7,111.04534150200666,102
2020-10-07:7,113.49360550981415,115
2020-10-08:7,112.96901530421914,110
2020-10-09:7,120.22238147478924,119
2020-10-10:7,120.02158364634494,170
2020-10-11:7,127.07308970048469,159
2020-10-12:7,148.76637016505816,119
2020-10-13:7,147.13978474489747,101
2020-10-14:7,145.46381487700495,158
2020-10-15:7,146.9423009565719,142
2020-10-16:7,152.14491065183984,155
2020-10-17:7,152.53784022944012,172
2020-10-18:7,154.89227793212262,153
2020-10-19:7,154.68806412138503,174
2020-10-20:7,176.1042666006457,167
2020-10-21:7,182.6851386274608,203
2020-10-22:7,194.15533696327867,274
2020-10-23:7,213.32595536853478,223
2020-10-24:7,215.0250907054245,317
2020-10-25:7,230.25998299945863,293
2020-10-26:7,287.81504899300506,207
2020-10-27:7,282.77684419486343,217
2020-10-28:7,275.8691404637453,287
2020-10-29:7,298.2580853891524,234
2020-10-30:7,287.24642919852766,272
2020-10-31:7,283.0973272559982,352
2020-11-01:7,297.8370222531894,389
2020-11-02:7,371.86025080688654,379
2020-11-03:7,395.7892549290625,299
2020-11-04:7,367.67449793829735,335
2020-11-05:7,365.28014911990823,425
2020-11-06:7,396.5791252274772,589
2020-11-07:7,440.22506554122856,567
2020-11-08:7,463.66423983027323,536
2020-11-09:7,563.5915020519747,462
2020-11-10:7,552.5997559284965,525
2020-11-11:7,566.3873164539326,536
2020-11-12:7,584.3184942646134,594
2020-11-13:7,620.1949774672449,617
2020-11-14:7,667.868902985924,654
2020-11-15:7,662.8521434335128,659
2020-11-16:7,721.5908703814636,646
2020-11-17:7,724.5328815583728,717
2020-11-18:7,722.6653834328825,762
2020-11-19:7,800.056058001385,536
2020-11-20:7,814.9469548657221,516
2020-11-21:7,760.3295810134352,713
2020-11-22:7,753.018273818344,626
2020-11-23:7,854.150269943932,594
2020-11-24:7,758.206591762804,695
2020-11-25:7,817.1077055814776,738
2020-11-26:7,849.6575812665108,887
2020-11-27:7,819.4825629901492,911
2020-11-28:7,846.8372770063601,750
2020-11-29:7,824.5532012514213,731
2020-11-30:7,820.9913812252134,596
2020-12-01:7,751.4862031618447,656
2020-12-02:7,701.9570212823883,834
2020-12-03:7,765.3187377788629,694
2020-12-04:7,653.7135379818774,711
2020-12-05:7,682.5489313573775,647
2020-12-06:7,670.6464077170817,726
2020-12-07:7,495.42676913759124,647
2020-12-08:7,707.186828168054,566
2020-12-09:7,625.724391597139,619
2020-12-10:7,635.1044233817832,723
2020-12-11:7,611.1375581069898,737
2020-12-12:7,648.865022487513,698
2020-12-13:7,660.1966391878776,689
2020-12-14:7,513.7630914508,759
2020-12-15:7,587.8634774378313,522
2020-12-16:7,594.8244180801214,640
2020-12-17:7,577.9833584046627,673
2020-12-18:7,635.8813317535637,624
2020-12-19:7,632.3213409793002,652
2020-12-20:7,636.8582479985871,486
2020-12-21:7,602.6053137777685,529
2020-12-22:7,585.0417595444494,444
2020-12-23:7,518.441029592635,518
2020-12-24:7,503.2984077856548,582
2020-12-25:7,506.6821467089767,512
2020-12-26:7,508.1007802395546,447
2020-12-27:7,495.2335962180339,424
2020-12-28:7,444.07497818628013,441
2020-12-29:7,466.9262913092214,382
2020-12-30:7,435.8716126623414,485
2020-12-31:7,379.16004625032446,690
2021-01-01:7,434.555346894138,565
2021-01-02:7,454.285890825925,607
2021-01-03:7,474.35000593612995,500
2021-01-04:7,477.32864769267263,539
2021-01-05:7,301.805871316912,428
2021-01-06:7,284.90599886430977,625
2021-01-07:7,341.2927869026105,761
2021-01-08:7,426.22023101072114,617
2021-01-09:7,458.327495021325,538
2021-01-10:7,469.80445766605806,507
2021-01-11:7,295.48018783687945,430
2021-01-12:7,428.08802745564674,446
2021-01-13:7,405.0333887475181,519
2021-01-14:7,370.5605870732076,536
2021-01-15:7,355.6495449012798,509
2021-01-16:7,395.5279906958856,584
2021-01-17:7,434.4247125221136,445
2021-01-18:7,358.893242317075,301
2021-01-19:7,359.71362167154757,465
2021-01-20:7,363.36044377723164,500
2021-01-21:7,399.62711772429105,564
2021-01-22:7,402.40169354462813,508
2021-01-23:7,424.0240539399094,527
2021-01-24:7,441.52579381346993,471
2021-01-25:7,267.4518754551316,346
2021-01-26:7,342.87658571185455,407
2021-01-27:7,335.7453021103053,485
2021-01-28:7,307.7263118694551,546
2021-01-29:7,363.5546057478331,514
2021-01-30:7,400.25224384058845,408
2021-01-31:7,401.7715328464851,473
2021-02-01:7,316.60570071303226,277
2021-02-02:7,367.3019390386977,429
2021-02-03:7,441.23714169986283,414
2021-02-04:7,419.2574593557014,465
2021-02-05:7,410.97615252587593,471
2021-02-06:7,422.09347171741126,428
2021-02-07:7,423.0164922877576,465
2021-02-08:7,420.43212455193105,343
2021-02-09:7,415.3989048117637,435
2021-02-10:7,408.0935571859419,469
2021-02-11:7,456.5074786611243,449
2021-02-12:7,416.5632744954362,445
2021-02-13:7,420.9986202715266,452
2021-02-14:7,425.18155834858703,431
2021-02-15:7,503.0407744697796,348
2021-02-16:7,426.0392747175977,302
2021-02-17:7,387.4908493411565,427
2021-02-18:7,380.47313516030783,617
2021-02-19:7,412.9595803722832,508
2021-02-20:7,429.02937375175145,504
2021-02-21:7,439.87232365465934,475
2021-02-22:7,444.3108711654535,449
2021-02-23:7,425.1856459400633,559
2021-02-24:7,488.7745571804969,456
2021-02-25:7,450.6379013116436,395
2021-02-26:7,454.70303287998127,589
2021-02-27:7,475.7670823319411,532
2021-02-28:7,483.3912147219286,508
2021-03-01:7,544.899059507444,438
2021-03-02:7,522.1554232386272,438
2021-03-03:7,522.4618153643884,542
2021-03-04:7,521.9728035405849,564
2021-03-05:7,531.7032774347192,634
2021-03-06:7,547.0620953951095,545
2021-03-07:7,546.7929083458015,532
2021-03-08:7,582.6890019901116,385
2021-03-09:7,606.1402481706186,550
2021-03-10:7,589.0594020470091,531
2021-03-11:7,593.3085446283176,569
2021-03-12:7,578.7859362294184,648
2021-03-13:7,588.0786783636368,555
2021-03-14:7,584.1632009138647,491
2021-03-15:7,619.6765252000707,460
2021-03-16:7,612.243693470246,556
2021-03-17:7,630.7138804907003,498
2021-03-18:7,613.0915443919498,622
2021-03-19:7,603.2559166030812,737
2021-03-20:7,618.058021427024,556
2021-03-21:7,611.8741580150471,598
2021-03-22:7,601.9969536186752,631
2021-03-23:7,652.8002330182816,646
2021-03-24:7,652.234125200244,716
2021-03-25:7,643.4117253235526,800
2021-03-26:7,645.8709788156716,908
2021-03-27:7,677.9170351830215,936
2021-03-28:7,706.0313856807144,805
2021-03-29:7,683.0906339479081,777
2021-03-30:7,747.0922865200159,840
2021-03-31:7,793.4657551595174,1014
2021-04-01:7,794.4522506200069,832
2021-04-02:7,838.3110600986716,1074
2021-04-03:7,862.2584139241903,1077
2021-04-04:7,882.0649389249955,999
2021-04-05:7,962.2772691729941,890
2021-04-06:7,972.3906663602475,1068
2021-04-07:7,1026.4775231588665,997
2021-04-08:7,1059.2211990282203,1293
2021-04-09:7,1157.5793081848976,1262
2021-04-10:7,1311.9312834906145,1283
2021-04-11:7,1301.8287122451916,1036
2021-04-12:7,1057.2544401332163,970
2021-04-13:7,1160.450769059872,873
2021-04-14:7,1252.9337128551133,1168
2021-04-15:7,1263.6970831803847,1205
2021-04-16:7,1278.4931864444432,1005
2021-04-17:7,1240.1263342310995,1027
2021-04-18:7,1213.9062817889587,933
2021-04-19:7,1189.1440301803746,1000
2021-04-20:7,1186.7083460480173,849
2021-04-21:7,1093.8374997442234,862
2021-04-22:7,1083.4046988555485,1006
2021-04-23:7,1034.3448862934927,1001
2021-04-24:7,1028.695412882788,881
2021-04-25:7,1007.2974129080558,847
2021-04-26:7,1025.1271044745804,763
2021-04-27:7,994.8702792179602,799
2021-04-28:7,942.6993882392418,841
2021-04-29:7,935.7942905281103,853
2021-04-30:7,899.2043998358444,740
2021-05-01:7,870.5851561636694,835
2021-05-02:7,865.1629407474302,671
2021-05-03:7,790.1655869825408,668
2021-05-04:7,752.0397303866305,697
2021-05-05:7,703.9243376498986,572
2021-05-06:7,734.4252051203498,694
2021-05-07:7,663.9520237623126,722
2021-05-08:7,672.5198619959912,596
2021-05-09:7,662.6782079616189,605
2021-05-10:7,686.8284400117607,558
2021-05-11:7,643.9669608393663,515
2021-05-12:7,573.8260794068935,600
2021-05-13:7,596.0319404348984,587
2021-05-14:7,608.157798434803,494
2021-05-15:7,591.9550310115676,443
2021-05-16:7,573.4411214706278,493
2021-05-17:7,490.3114309815822,424
2021-05-18:7,488.0067602460613,411
2021-05-19:7,466.26968525034647,521
2021-05-20:7,504.0157589548695,357
2021-05-21:7,483.8509761096486,420
2021-05-22:7,476.3057388089672,356
2021-05-23:7,463.5916843151949,325
2021-05-24:7,400.6257651268655,293
2021-05-25:7,361.77931988796297,289
2021-05-26:7,332.0380106118349,250
2021-05-27:7,327.81031402662677,378
2021-05-28:7,321.9651485460671,317
2021-05-29:7,321.49712158506486,258
2021-05-30:7,316.0273249976457,238
2021-05-31:7,304.5923678598064,212
2021-06-01:7,235.95235523475006,184
2021-06-02:7,214.27939069907188,194
2021-06-03:7,207.8945127527469,199
2021-06-04:7,152.01951929280312,183
2021-06-05:7,155.27548603446155,218
2021-06-06:7,161.24073495996936,131
2021-06-07:7,134.90311234491122,133
2021-06-08:7,58.26888084148364,165
2021-06-09:7,118.24757345079405,148
2021-06-10:7,125.66605495977117,153
2021-06-11:7,113.74860250989698,180
2021-06-12:7,118.99268511485923,96
2021-06-13:7,117.30620731385108,113
2021-06-14:7,122.37658354907795,68
2021-06-15:7,64.21343515254675,108
2021-06-16:7,33.623488326472106,113
2021-06-17:7,42.795218343282535,120
2021-06-18:7,47.13589849394704,109
2021-06-19:7,51.0830640898086,94
2021-06-20:7,53.65709526052424,90
2021-06-21:7,71.41636874043272,45
2021-06-22:7,16.09863320537626,56
2021-06-23:7,0.9318228951069898,87
2021-06-24:7,6.558755399039072,75
2021-06-25:7,10.945429932489631,72
2021-06-26:7,14.32735017895537,57
2021-06-27:7,16.567005034422053,50
2021-06-28:7,10.525601054628979,38
2021-06-29:7,2.036375889705951,29
2021-06-30:7,-17.53598506269782,44
2021-07-01:7,-83.26240961148827,49
2021-07-02:7,-70.62995667677797,35
2021-07-03:7,-64.98602136498812,30
2021-07-04:7,-60.168224930165195,37
2021-07-05:7,-38.744200075777684,20
2021-07-06:7,-32.33736308492095,46
2021-07-07:7,-35.99424478072227,59
2021-07-08:7,-32.1909412683475,63
2021-07-09:7,-40.29794683592054,45
2021-07-10:7,-36.91801044992947,46
2021-07-11:7,-33.75761024202093,47
2021-07-12:7,-37.183980338152125,30
2021-07-13:7,-52.475076898893974,33
2021-07-14:7,-54.0693059798472,41
2021-07-15:7,-45.806996838661775,58
2021-07-16:7,-45.22764171862295,45
2021-07-17:7,-41.63085187164316,56
2021-07-18:7,-37.888141674472834,60
2021-07-19:7,-45.375444070811284,40
2021-07-20:7,-40.86066624661177,76
2021-07-21:7,-48.779649800808556,78
2021-07-22:7,-48.43750981889667,89
2021-07-23:7,-44.461663975411454,112
2021-07-24:7,-38.06049309548308,94
2021-07-25:7,-32.86997935090247,79
2021-07-26:7,-37.06988724205516,94
2021-07-27:7,-66.27277835051228,150
2021-07-28:7,-26.258990254578805,185
2021-07-29:7,-27.42758052092246,202
2021-07-30:7,-49.890213504776796,243
2021-07-31:7,-36.99557497872587,160
2021-08-01:7,-28.688470445231758,196
2021-08-02:7,-37.491610780146004,185
2021-08-03:7,-30.247213267637164,201
2021-08-04:7,-35.75574302441859,342
2021-08-05:7,-16.90415442692384,402
2021-08-06:7,21.384190294971546,464
2021-08-07:7,56.57592587804476,422
2021-08-08:7,83.49033423980042,364
2021-08-09:7,102.73328906256921,293
2021-08-10:7,136.22266969753682,395
2021-08-11:7,180.43117067895776,536
2021-08-12:7,265.57831177091435,513
2021-08-13:7,359.4462734766428,717
2021-08-14:7,421.4584861080075,532
2021-08-15:7,437.7966185070735,441
2021-08-16:7,418.47895181400986,461
2021-08-17:7,572.759199098923,461
2021-08-18:7,591.5293287807622,553
2021-08-19:7,620.5160798157322,689
2021-08-20:7,721.554177591835,663
2021-08-21:7,711.0682234873733,724
2021-08-22:7,713.0323277216618,545
2021-08-23:7,788.5288015890742,442
2021-08-24:7,731.0495416949701,641
2021-08-25:7,792.4396083920083,698
2021-08-26:7,814.7429008882941,724
2021-08-27:7,843.3350664096392,867
2021-08-28:7,846.5699891288808,867
