Date,New cases,Cumulative cases,Cumulative Vancouver Coastal,Cumulative Fraser Health,Cumulative Island Health ,Cumulative Interior Health,Cumulative Northern Health,Hospitalization (Currently in hospital),ICU (Currently in ICU),Recovered,Deaths,Cumulative deaths,Active cases
2020-01-28,1,1,1,0,0,0,0,,,,0,0,1
2020-02-04,1,2,2,0,0,0,0,,,,0,0,2
2020-02-06,2,4,4,0,0,0,0,,,,0,0,4
2020-02-14,1,5,4,0,0,1,0,,,,0,0,5
2020-02-20,1,6,4,1,0,1,0,,,,0,0,6
2020-02-24,1,7,4,2,0,1,0,,,,0,0,7
2020-03-03,5,12,8,3,0,1,0,,,,0,0,12
2020-03-04,1,13,9,3,0,1,0,,,,0,0,13
2020-03-05,8,21,15,5,0,1,0,,,,0,0,21
2020-03-06,0,21,15,5,0,1,0,,,,0,0,21
2020-03-07,6,27,17,9,0,1,0,,,,0,0,27
2020-03-08,,,,,,,,,,,,,
2020-03-09,5,32,19,12,0,1,0,,,,1,1,31
2020-03-10,7,39,24,14,0,1,0,,,,0,1,38
2020-03-11,7,46,26,18,1,1,0,,,,0,1,45
2020-03-12,7,53,32,19,1,1,0,,,,0,1,52
2020-03-13,11,64,43,19,1,1,0,,,,0,1,63
2020-03-14,9,73,50,20,1,2,0,,,,0,1,72
2020-03-15,,,,,,,,,,,,,
2020-03-16,30,103,,,,,,6,,,3,4,
2020-03-17,83,186,116,47,12,7,4,,,,3,7,
2020-03-18,45,231,144,58,16,9,4,13,7,,0,7,
2020-03-19,40,271,152,81,22,12,4,17,9,5,1,8,258
2020-03-20,77,348,200,95,30,19,4,22,10,6,1,9,333
2020-03-21,76,424,230,126,37,27,4,27,12,6,1,10,408
2020-03-22,,,,,,,,,,,,,
2020-03-23,48,472,248,150,39,30,5,33,14,100,3,13,359
2020-03-24,145,617,330,194,44,41,8,59,23,173,0,13,431
2020-03-25,42,659,339,218,47,46,9,64,26,183,1,14,462
2020-03-26,66,725,359,241,52,62,11,66,26,186,0,14,525
2020-03-27,67,792,391,262,57,70,12,73,,275,2,16,501
2020-03-28,92,884,444,291,60,77,12,81,52,396,1,17,471
2020-03-29,16,900,,,,,,,,,,,
2020-03-30,70,970,472,323,67,94,14,106,60,469,2,19,482
2020-03-31,43,1013,476,348,67,107,15,128,61,507,5,24,482
2020-04-01,53,1066,497,367,72,114,16,142,67,606,1,25,435
2020-04-02,55,1121,525,386,72,121,17,149,68,641,6,31,449
2020-04-03,53,1174,541,412,74,126,21,146,64,673,4,35,466
2020-04-04,29,1203,,,,,,149,68,704,3,38,461
2020-04-05,26,1229,,,,,,137,,,,,
2020-04-06,37,1266,586,450,79,128,23,140,72,783,1,39,444
2020-04-07,25,1291,603,458,79,128,23,138,66,805,4,43,443
2020-04-08,45,1336,615,487,81,130,23,135,61,838,5,48,450
2020-04-09,34,1370,626,508,82,130,24,132,68,858,2,50,462
2020-04-10,40,1410,629,539,84,132,26,128,65,879,5,55,476
2020-04-11,35,1445,642,558,84,135,26,134,63,905,3,58,482
2020-04-12,25,1470,,,,,,,,,,,
2020-04-13,20,1490,650,591,87,136,26,137,58,926,11,69,495
2020-04-14,27,1517,658,601,89,141,28,134,58,942,3,72,503
2020-04-15,44,1561,670,623,92,146,30,131,59,955,3,75,531
2020-04-16,14,1575,670,630,94,149,32,120,56,983,2,77,515
2020-04-17,43,1618,,,,,,119,52,966,0,78,574
2020-04-18,29,1647,686,680,97,150,34,115,54,984,3,81,582
2020-04-19,29,2956,,,,,,,,,3,84,
2020-04-20,23,2927,700,705,102,153,39,104,49,1039,2,86,1802
2020-04-21,25,2904,707,715,109,153,40,109,51,1041,1,87,1776
2020-04-22,71,2879,745,747,110,153,40,103,46,1079,3,90,1710
2020-04-23,29,2808,755,760,111,156,42,103,44,1092,4,94,1622
2020-04-24,29,2779,767,772,114,158,42,96,41,1114,4,98,1567
2020-04-25,95,2750,778,853,115,160,42,96,41,1137,2,100,1513
2020-04-26,39,2655,,,,,,,,,,,
2020-04-27,11,2616,795,879,117,164,43,97,36,1190,3,103,1323
2020-04-28,55,2605,803,918,119,168,45,94,37,1231,2,105,1269
2020-04-29,34,2550,811,941,120,169,46,89,35,1305,4,109,1136
2020-04-30,25,2516,815,961,120,170,46,82,30,1322,2,111,1083
2020-05-01,33,2491,823,978,121,174,49,79,24,1357,1,112,1022
2020-05-02,26,2458,832,992,123,175,49,72,23,1376,2,114,968
2020-05-03,34,2432,,,,,,,,,,,
2020-05-04,19,2398,845,1027,124,177,51,77,20,1417,3,117,864
2020-05-05,8,2379,849,1031,124,177,51,78,21,1472,4,121,786
2020-05-06,23,2371,852,1046,124,179,54,74,19,1494,3,124,753
2020-05-07,33,2348,865,1064,126,179,54,76,20,1512,2,126,710
2020-05-08,29,2315,866,1089,125,180,55,73,20,1579,1,127,609
2020-05-09,15,2453,,,,,,69,21,1659,2,129,665
2020-05-10,9,2438,,,,,,,,,,129,
2020-05-11,14,2429,873,1118,125,180,57,66,18,1719,1,130,580
2020-05-12,7,2415,874,1124,125,180,57,63,16,1832,1,131,452
2020-05-13,16,2408,877,1137,125,180,57,59,14,1859,1,132,417
2020-05-14,15,2392,878,1149,126,181,58,58,12,1885,3,135,372
2020-05-15,15,2594,878,1164,126,181,58,51,12,1908,5,138,548
2020-05-16,21,2579,878,1184,126,181,59,49,11,1932,1,141,506
2020-05-17,8,2558,,,,,,,,,,,
2020-05-18,8,2550,882,1195,126,181,60,47,12,1966,2,143,441
2020-05-19,2,2542,883,1196,126,181,60,45,12,1975,3,146,421
2020-05-20,21,2540,885,1214,126,182,60,43,10,2001,3,149,390
2020-05-21,12,2519,887,1223,126,183,60,43,8,2020,3,152,347
2020-05-22,18,2507,888,1236,127,194,62,41,8,2042,3,155,310
2020-05-23,10,2545,890,1244,127,194,62,39,8,2057,2,157,331
2020-05-24,5,2535,,,,,,,,,,,
2020-05-25,7,2530,894,1253,127,194,62,37,7,2102,4,161,267
2020-05-26,11,2541,897,1261,127,194,62,37,7,2122,0,161,258
2020-05-27,9,2550,899,1267,127,194,63,37,7,2144,1,162,244
2020-05-28,9,2559,899,1274,127,195,63,33,6,2153,2,164,242
2020-05-29,4,2563,900,1277,127,195,63,34,6,2170,0,164,228
2020-05-30,11,2573,902,1285,127,195,64,35,5,2181,0,164,228
2020-05-31,9,2582,,,,,,,,,,,
2020-06-01,15,2597,904,1307,127,195,64,32,5,2207,1,165,225
2020-06-02,4,2601,904,1311,127,195,64,31,8,2229,0,165,207
2020-06-03,22,2623,905,1332,127,195,64,32,7,2243,1,166,214
2020-06-04,5,2629,909,1334,130,195,64,26,6,2265,0,166,198
2020-06-05,1,2630,908,1335,130,195,64,21,5,2272,1,167,191
2020-06-06,14,,,,,,,,,,,,
2020-06-07,6,,,,,,,,,,,,
2020-06-08,9,2659,907,1362,130,195,64,16,4,2309,0,167,183
2020-06-09,10,2669,908,1370,130,195,66,15,4,2319,0,167,183
2020-06-10,12,2680,911,1378,130,195,66,12,4,2328,0,167,185
2020-06-11,14,2694,917,1386,130,195,66,13,5,2344,0,167,183
2020-06-12,16,2709,922,1396,130,195,65,12,3,2354,1,168,187
2020-06-13,14,,,,,,,,,,,,
2020-06-14,16,,,,,,,,,,,,
2020-06-15,6,2745,934,1420,130,195,65,13,4,2395,0,168,182
2020-06-16,11,2756,940,1425,130,196,65,11,5,2416,0,168,172
2020-06-17,19,2775,946,1438,130,196,65,11,5,2422,0,168,185
2020-06-18,8,2783,950,1441,130,197,65,10,5,2425,0,168,190
2020-06-19,7,2790,952,1446,130,197,65,11,6,2444,0,168,178
2020-06-20,10,,,,,,,,,,,,
2020-06-21,6,,,,,,,,,,,,
2020-06-22,16,2822,954,1474,131,198,65,14,6,2471,1,169,182
2020-06-23,13,2835,,,,,,16,7,2491,1,170,174
2020-06-24,14,2849,963,1491,131,199,65,14,7,2516,1,171,162
2020-06-25,19,2869,970,1504,131,199,65,15,7,2517,2,173,179
2020-06-26,10,2878,969,1514,131,199,65,17,5,2545,1,174,159
2020-06-27,10,,,,,,,,,,,,
2020-06-28,14,,,,,,,,,,,,
2020-06-29,2,2904,979,1529,131,200,65,18,5,2577,0,174,153
2020-06-30,12,2916,981,1538,131,201,65,18,4,2590,0,174,152
2020-07-01,15,2931,,,,,,,,,,,
2020-07-02,9,2940,989,1553,132,201,65,17,2,2603,3,177,160
2020-07-03,13,2947,995,1553,132,202,65,19,2,2608,0,177,162
2020-07-04,9,,,,,,,,,,,,
2020-07-05,15,,,,,,,,,,,,
2020-07-06,7,2978,1008,1570,132,203,65,16,4,2629,6,183,166
2020-07-07,12,2990,1013,1576,133,203,65,16,4,2645,0,183,162
2020-07-08,18,3008,1018,1589,133,203,65,17,3,2660,3,186,162
2020-07-09,20,3028,982,1596,133,201,65,17,4,2667,0,186,175
2020-07-10,25,3053,990,1610,135,202,65,16,5,2679,1,187,187
2020-07-11,22,3077,,,,,,,,,,,
2020-07-12,20,3097,,,,,,,,,,,
2020-07-13,11,3115,,,,,,,,,,,
2020-07-14,13,3128,1015,1649,135,212,65,14,5,2730,0,189,209
2020-07-15,21,3149,1023,1659,135,216,65,14,5,2753,0,189,207
2020-07-16,21,3170,1028,1667,136,223,65,15,3,2789,0,189,192
2020-07-17,28,3198,1032,1676,136,235,68,18,2,2802,0,189,207
2020-07-18,51,,,,,,,,,,,,
2020-07-19,19,,,,,,,,,,,,
2020-07-20,32,3300,1042,1713,142,280,69,16,4,2858,0,189,253
2020-07-21,30,3328,1049,1742,141,304,69,15,3,2888,0,189,251
2020-07-22,34,3362,1051,1750,142,315,77,16,3,2898,1,190,274
2020-07-23,30,3392,,,,,,,,,,,
2020-07-24,27,3419,1057,1764,142,319,79,12,3,2934,1,191,294
2020-07-25,36,,,,,,,,,,,,
2020-07-26,21,,,,,,,,,,,,
2020-07-27,24,3500,1064,1800,143,353,80,11,3,3043,2,193,264
2020-07-28,23,3523,1067,1815,143,358,80,9,3,3076,1,194,253
2020-07-29,41,3562,1071,1846,143,356,86,6,2,3109,0,194,259
2020-07-30,29,3591,1076,1865,143,360,86,5,2,3155,0,194,242
2020-07-31,50,3641,1088,1889,144,369,88,5,2,3168,1,195,278
2020-08-01,43,,,,,,,,,,0,,
2020-08-02,29,,,,,,,,,,0,,
2020-08-03,46,,,,,,,,,,0,,
2020-08-04,28,3787,1119,1989,146,377,91,8,4,3273,0,195,319
2020-08-05,47,3834,1132,2015,146,384,91,9,6,3288,0,195,351
2020-08-06,47,3881,1143,2045,146,385,93,11,5,3315,0,195,371
2020-08-07,53,3934,1167,2069,147,389,93,11,4,3353,0,195,386
2020-08-08,50,,,,,,,,,,,,
2020-08-09,37,,,,,,,,,,,,
2020-08-10,44,4065,1220,2139,148,391,96,9,3,3425,0,195,445
2020-08-11,46,4111,1232,2167,148,393,100,8,5,3444,0,195,472
2020-08-12,85,4196,1273,2203,150,394,104,8,5,3469,1,196,531
2020-08-13,78,4274,1306,2242,150,398,106,9,4,3500,0,196,578
2020-08-14,84,4358,1354,2276,150,399,107,12,4,3533,0,196,629
2020-08-15,100,,,,,,,,,,,,
2020-08-16,88,,,,,,,,,,,,
2020-08-17,48,4594,1419,2425,154,405,117,4,3,3653,2,198,743
2020-08-18,83,4677,1447,2473,156,407,120,6,3,3704,0,198,775
2020-08-19,68,4745,1488,2493,158,411,120,10,4,3749,0,198,798
2020-08-20,80,4825,1526,2533,159,411,121,11,4,3845,2,200,780
2020-08-21,90,4915,1569,2572,160,417,122,13,5,3889,2,202,824
2020-08-22,109,,,,,,,,,,,,
2020-08-23,81,,,,,,,,,,,,
2020-08-24,79,5184,1651,2739,166,425,127,18,5,4068,1,203,913
2020-08-25,58,5242,1683,2762,168,425,128,22,7,4114,0,203,921
2020-08-26,62,5304,1699,2795,170,429,133,21,7,4199,0,203,896
2020-08-27,68,5372,1737,2818,173,429,137,22,7,4253,1,204,906
2020-08-28,124,5496,1791,2878,174,433,142,23,7,4310,0,204,974
2020-08-29,86,,,,,,,,,,,,
2020-08-30,107,,,,,,,,,,,,
2020-08-31,101,5790,1900,3042,175,440,154,28,10,4406,4,208,1107
2020-09-01,58,5848,1922,3072,175,440,160,31,10,4505,1,209,1124
2020-09-02,104,5952,1974,3112,178,445,164,33,14,4605,0,209,1127
2020-09-03,89,6041,2012,3155,178,450,167,34,11,4644,1,210,1175
2020-09-04,121,6162,2077,3201,180,451,174,31,12,4706,1,211,1233
2020-09-05,123,,,,,,,,,,,,
2020-09-06,116,,,,,,,,,,,,
2020-09-07,107,,,,,,,,,,,,
2020-09-08,83,6591,2249,3428,184,460,186,32,12,4978,2,213,1386
2020-09-09,100,6691,2285,3482,185,462,193,37,15,5086,0,213,1378
2020-09-10,139,6830,2343,3551,187,462,203,42,14,5190,0,213,1412
2020-09-11,132,6962,2419,3600,190,465,204,49,10,5273,0,213,1461
2020-09-12,137,,,,,,,,,,,,
2020-09-13,119,,,,,,,,,,,,
2020-09-14,61,7279,2557,3754,195,473,216,58,16,5546,6,219,1594
2020-09-15,97,7376,2608,3784,195,479,225,63,20,5548,0,219,1590
2020-09-16,122,7498,2660,3835,195,485,237,60,23,5646,0,219,1614
2020-09-17,165,7663,2714,3937,196,489,241,57,22,5719,1,220,1705
2020-09-18,179,7842,2817,4007,196,492,244,59,20,5797,3,223,1803
2020-09-19,121,,,,,,,,,,,,
2020-09-20,117,,,,,,,,,,,,
2020-09-21,128,8208,2945,4211,203,508,255,60,21,5972,4,227,1987
2020-09-22,96,8304,2984,4254,203,511,266,61,22,6589,0,227,1465
2020-09-23,91,8395,3016,4302,203,515,273,62,18,6769,0,227,1376
2020-09-24,148,8543,3094,4361,203,520,278,61,20,6917,2,229,1371
2020-09-25,98,8641,3127,4412,204,522,289,62,19,7036,1,230,1349
2020-09-26,68,,,,,,,,,,,,
2020-09-27,125,,,,,,,,,,,,
2020-09-28,74,8908,3226,4555,206,531,303,69,22,7346,3,233,1302
2020-09-29,105,9013,3286,4594,206,531,309,69,20,7485,1,234,1268
2020-09-30,125,9138,3340,4658,208,533,312,72,21,7591,0,234,1284
2020-10-01,82,9220,3360,4712,209,535,317,69,19,7695,1,235,1261
2020-10-02,161,9381,3440,4791,209,535,318,63,16,7813,3,238,1302
2020-10-03,130,,,,,,,,,,,,
2020-10-04,108,,,,,,,,,,,,
2020-10-05,120,9739,3580,4980,220,548,322,66,16,8115,4,242,1353
2020-10-06,102,9841,3612,5038,221,556,324,71,16,8184,2,244,1384
2020-10-07,115,9956,3644,5119,222,557,325,72,15,8296,0,244,1387
2020-10-08,110,10066,3693,5174,223,557,330,76,17,8398,1,245,1394
2020-10-09,119,10185,3728,5253,225,559,331,68,19,8502,0,245,1406
2020-10-10,170,,,,,,,,,,,,
2020-10-11,159,,,,,,,,,,,,
2020-10-12,119,,,,,,,,,,,,
2020-10-13,101,10734,3892,5595,235,582,341,77,24,8974,5,250,1476
2020-10-14,158,10892,3941,5697,237,585,343,84,24,9112,0,250,1496
2020-10-15,142,11034,3974,5800,239,587,345,74,24,9257,0,250,1494
2020-10-16,155,11189,4036,5884,240,590,350,72,26,9387,1,251,1513
2020-10-17,172,,,,,,,,,,,,
2020-10-18,153,,,,,,,,,,,,
2020-10-19,174,11687,4146,6244,243,611,355,67,19,9753,2,253,1639
2020-10-20,167,11854,4175,6366,244,624,357,69,18,9871,1,254,1688
2020-10-21,203,12057,4215,6517,244,632,361,70,21,9993,2,256,1766
2020-10-22,274,12331,4260,6725,249,644,365,71,24,10114,0,256,1920
2020-10-23,223,12554,4319,6864,250,662,371,75,24,10247,0,256,2009
2020-10-24,317,,,,,,,,,,,,
2020-10-25,293,,,,,,,,,,,,
2020-10-26,207,13371,4428,7529,250,693,383,77,26,10734,3,259,2325
2020-10-27,217,13588,4476,7674,250,717,383,84,27,10954,0,259,2322
2020-10-28,287,13875,4545,7863,253,727,399,83,25,11244,2,261,2316
2020-10-29,234,14109,4588,8036,256,734,406,86,24,11448,1,262,2344
2020-10-30,272,14381,4664,8219,256,741,412,78,25,11670,1,263,2390
2020-10-31,352,,,,,,,,,,,,
2020-11-01,389,,,,,,,,,,,,
2020-11-02,379,15501,4898,9049,265,777,422,90,19,12207,6,269,2945
2020-11-03,299,15800,4993,9234,270,788,425,92,22,12430,3,272,3017
2020-11-04,335,16135,5097,9439,274,803,432,92,25,12659,1,273,3120
2020-11-05,425,16560,5223,9707,281,821,438,97,24,12806,0,273,3389
2020-11-06,589,17149,5369,10109,286,845,450,104,28,13035,2,275,3741
2020-11-07,567,17716,5491,10520,289,867,459,100,31,,1,276,
2020-11-08,536,,,,,,,,,,,,
2020-11-09,462,18714,5699,11257,301,898,469,133,43,13425,5,281,4891
2020-11-10,525,19239,5858,11582,308,925,476,142,46,13604,3,284,5133
2020-11-11,536,,,,,,,,,,,,
2020-11-12,594,20368,6107,12390,324,925,499,155,44,14089,4,288,5793
2020-11-13,617,20985,6237,12814,340,1001,504,167,50,14901,2,290,5579
2020-11-14,654,,,,,,,,,,,,
2020-11-15,659,,,,,,,,,,,,
2020-11-16,646,22944,6692,14175,381,1088,518,181,57,16087,9,299,6729
2020-11-17,717,,6869,14659,397,1106,539,198,63,,11,310,6589
2020-11-18,762,24422,7079,15140,417,1144,552,209,58,16914,10,320,6861
2020-11-19,536,24958,7256,15448,429,1172,563,217,59,17206,1,321,6926
2020-11-20,516,25474,7404,15742,446,1203,588,227,57,17477,10,331,7122
2020-11-21,713,,,,,,,,,,,,
2020-11-22,626,,,,,,,,,,,,
2020-11-23,594,27407,7818,17046,494,1307,649,277,58,19069,17,348,7360
2020-11-24,695,28348,7992,17478,505,1356,678,284,61,19605,10,358,7732
2020-11-25,738,29086,8161,18167,526,1526,713,294,61,,13,371,7816
2020-11-26,887,29973,8329,18779,544,1491,737,294,64,19998,13,384,7899
2020-11-27,911,30884,8482,19428,571,1538,772,301,69,21304,11,395,8472
2020-11-28,750,,,,,,,,,,,,
2020-11-29,731,,,,,,,,,,,,
2020-11-30,596,33238,8850,21070,629,1750,845,316,75,23111,46,441,8855
2020-12-01,656,33894,8990,21478,639,1833,860,336,76,23774,16,457,8796
2020-12-02,834,34728,9164,22007,659,1899,905,337,79,24424,12,469,8941
2020-12-03,694,35422,9278,22472,669,1981,928,325,80,24928,12,481,9103
2020-12-04,711,36132,9421,22899,679,2062,978,338,76,25658,11,492,9050
2020-12-05,647,,,,,,,,,,,,
2020-12-06,726,,,,,,,,,,,,
2020-12-07,647,38152,9725,24261,724,2265,1084,349,77,27287,35,527,9380
2020-12-08,566,38718,9861,24558,735,2339,1132,352,74,27897,16,543,9315
2020-12-09,619,39337,9982,24942,740,2420,1159,338,76,28448,16,559,9329
2020-12-10,723,40060,10117,25398,750,2502,1199,346,75,28948,28,587,9524
2020-12-11,737,40797,10236,25867,758,2601,1240,342,87,29598,11,598,9589
2020-12-12,698,,,,,,,,,,,,
2020-12-13,689,,,,,,,,,,,,
2020-12-14,759,42943,10536,27431,787,2851,1331,359,87,31207,49,647,10039
2020-12-15,522,43463,10620,27679,794,2907,1368,361,93,31866,21,668,9860
2020-12-16,640,44103,10718,28078,799,2998,1415,362,91,32376,24,692,9950
2020-12-17,673,44776,10863,28481,803,3064,1462,358,93,32963,21,713,10009
2020-12-18,624,45400,10969,28887,808,3124,1509,356,92,33589,11,724,9978
2020-12-19,652,,,,,,,,,,,,
2020-12-20,486,,,,,,,,,,,,
2020-12-21,529,47067,11252,29971,829,3313,1599,341,80,35455,41,765,9718
2020-12-22,444,47510,11331,30227,838,3391,1620,357,84,36094,12,777,9481
2020-12-23,518,48027,11428,30559,847,3440,1651,348,80,36952,19,796,9137
2020-12-24,582,48609,11535,30885,857,3511,1719,341,78,37784,12,808,8865
2020-12-25,512,,,,,,,,,,,,
2020-12-26,447,,,,,,,,,,,,
2020-12-27,424,,,,,,,,,,,,
2020-12-28,441,,,,,,,,,,,,
2020-12-29,382,50815,11913,32260,901,3749,1890,373,80,41175,74,882,7580
2020-12-30,485,51300,12030,32471,917,3806,1974,379,77,41681,11,893,7551
2020-12-31,690,51990,12135,32918,928,3890,2017,374,76,42127,8,901,7781
2021-01-01,565,,,,,,,,,,,,
2021-01-02,607,,,,,,,,,,,,
2021-01-03,500,,,,,,,,,,,,
2021-01-04,539,54201,12524,34219,992,4178,2186,351,76,45229,45,946,6823
2021-01-05,428,54629,12614,34442,1001,4239,2231,367,77,45999,8,954,6472
2021-01-06,625,55254,12792,34747,1029,4310,2274,381,78,46728,8,962,6343
2021-01-07,761,56015,12886,35231,1052,4406,2338,372,74,47374,8,970,6349
2021-01-08,617,56632,13025,35551,1079,4487,2387,358,75,48205,18,988,6118
2021-01-09,538,,,,,,,,,,,,
2021-01-10,507,,,,,,,,,,,,
2021-01-11,430,58107,13312,36287,1138,4704,2560,362,72,50529,22,1010,5232
2021-01-12,446,58553,13408,36510,1152,4771,2606,368,72,51144,9,1019,5045
2021-01-13,519,59072,13525,36745,1186,4855,2651,360,76,51893,12,1031,4810
2021-01-14,536,59608,13627,36998,1207,4970,2696,362,74,52605,7,1038,4624
2021-01-15,509,60117,13728,37258,1220,5056,2745,349,68,53115,9,1047,4604
2021-01-16,584,,,,,,,,,,,,
2021-01-17,445,,,,,,,,,,,,
2021-01-18,301,61447,14009,37806,1285,5313,2911,343,68,54656,31,1078,4326
2021-01-19,465,61912,14092,38068,1306,5374,2943,329,70,55099,12,1090,4331
2021-01-20,500,62412,14217,38284,1338,5465,2978,320,66,55564,14,1104,4345
2021-01-21,564,62976,14328,38518,1385,5560,3054,309,68,56010,15,1119,4450
2021-01-22,508,63484,14460,38746,1398,5639,3109,315,75,56455,9,1128,4479
2021-01-23,527,,,,,,,,,,,,
2021-01-24,471,,,,,,,,,,,,
2021-01-25,346,64828,14774,39364,1471,5873,3213,328,68,57831,26,1154,4392
2021-01-26,407,65234,14898,39533,1493,5927,3251,313,71,58352,14,1168,4260
2021-01-27,485,65719,15013,39743,1538,6010,3283,303,74,58778,4,1172,4299
2021-01-28,546,66265,15187,39961,1568,6080,3334,291,75,59141,8,1184,4455
2021-01-29,514,66779,15321,40184,1597,6151,3391,292,74,59551,5,1189,4557
2021-01-30,408,,,,,,,,,,,,
2021-01-31,473,,,,,,,,,,,,
2021-02-01,277,67937,15616,40677,1675,6345,3489,289,79,61117,21,1210,4134
2021-02-02,429,68366,15728,40879,1702,6396,3524,294,82,61129,8,1218,4542
2021-02-03,414,68780,15835,41061,1728,6459,3558,278,80,61643,16,1234,4426
2021-02-04,465,69245,15934,41295,1755,6513,3610,257,76,62078,6,1240,4447
2021-02-05,471,69716,16042,41503,1783,6569,3681,253,70,62567,6,1246,4423
2021-02-06,428,,,,,,,,,,,,
2021-02-07,465,,,,,,,,,,,,
2021-02-08,343,70952,16308,42104,1869,6721,3812,234,69,65605,13,1259,3976
2021-02-09,435,71387,16415,42325,1892,6768,3849,241,68,65618,4,1263,4393
2021-02-10,469,71856,16515,42568,1917,6814,3902,230,66,66167,6,1269,4305
2021-02-11,449,72305,16608,42810,1936,6872,3939,224,63,66603,9,1278,4317
2021-02-12,445,72750,16743,43028,1951,6916,3969,226,61,67008,10,1288,4347
2021-02-13,452,,,,,,,,,,,,
2021-02-14,431,,,,,,,,,,,,
2021-02-15,348,,,,,,,,,,,,
2021-02-16,302,74283,17135,43884,2009,7008,4104,231,74,68705,26,1314,4189
2021-02-17,427,74710,17225,44120,2027,7055,4135,232,63,69167,3,1317,4150
2021-02-18,617,75327,17371,44462,2046,7072,4227,224,60,69602,4,1321,4348
2021-02-19,508,75835,17487,44748,2068,7131,4252,217,61,69970,6,1327,4486
2021-02-20,504,,,,,,,,,,,,
2021-02-21,475,,,,,,,,,,,,
2021-02-22,449,77263,17845,45553,2167,7198,4351,223,66,71313,8,1335,4560
2021-02-23,559,77822,17977,45831,2206,7241,4417,238,69,71753,1,1336,4677
2021-02-24,456,78278,18085,46090,2241,7271,4437,237,64,72219,2,1338,4668
2021-02-25,395,78673,18171,46297,2278,7295,4478,228,62,72781,10,1348,4489
2021-02-26,589,79262,18328,46614,2309,7334,4523,232,63,73188,7,1355,4665
2021-02-27,532,,,,,,,,,,,,
2021-02-28,508,,,,,,,,,,,,
2021-03-01,438,80672,18619,47436,2403,7435,4625,236,65,74776,15,1363,4464
2021-03-02,438,81367,18858,47840,2423,7443,4649,243,63,75255,2,1365,4679
2021-03-03,542,81909,18989,48132,2454,7486,4693,246,64,75819,7,1372,4654
2021-03-04,564,82473,19157,48411,2489,7522,4739,248,64,76289,4,1376,4743
2021-03-05,634,83107,19306,48776,2515,7555,4799,255,66,76752,4,1380,4799
2021-03-06,545,,,,,,,,,,,,
2021-03-07,532,,,,,,,,,,,,
2021-03-08,385,84569,19713,49578,2587,7634,4901,240,66,78237,11,1391,4854
2021-03-09,550,85119,19846,49897,2594,7670,4953,249,68,78770,2,1393,4869
2021-03-10,531,85650,19993,50188,2613,7712,4985,244,66,79309,1,1394,4861
2021-03-11,569,86219,20133,50489,2654,7738,5045,244,68,79829,3,1397,4912
2021-03-12,648,86867,20282,50861,2686,7777,5101,255,67,80325,0,1397,5070
2021-03-13,555,,,,,,,,,,,,
2021-03-14,491,,,,,,,,,,,,
2021-03-15,460,88373,20664,51701,2761,7857,5230,269,76,81890,10,1407,4987
2021-03-16,556,88929,20803,52032,2788,7873,5271,280,84,82436,0,1407,4999
2021-03-17,498,89427,20931,52323,2800,7904,5307,281,83,83083,4,1411,4851
2021-03-18,622,90049,21115,52640,2835,7934,5361,286,85,83613,8,1419,4941
2021-03-19,737,90786,21278,53066,2867,7967,5443,292,85,84078,2,1421,5207
2021-03-20,556,,,,,,,,,,,,
2021-03-21,598,,,,,,,,,,,,
2021-03-22,631,92571,21747,54076,2956,8051,5576,303,80,85746,16,1437,5290
2021-03-23,646,93253,21976,54409,2975,8127,5599,314,83,86307,1,1438,5409
2021-03-24,716,93969,22206,54792,2996,8165,5641,303,85,86857,3,1441,5573
2021-03-25,800,94769,22470,55173,3041,8215,5699,306,79,87351,5,1446,5856
2021-03-26,908,95677,22764,55611,3096,8258,5777,294,81,87866,3,1449,6245
2021-03-27,936,,,,,,,,,,,,
2021-03-28,805,,,,,,,,,,,,
2021-03-29,777,98195,23580,56891,3238,8414,5898,299,79,89722,6,1455,6902
2021-03-30,840,99035,23845,57312,3277,8481,5944,312,78,90401,0,1455,7062
2021-03-31,1014,100048,24230,57770,3324,8545,6004,301,80,91066,3,1458,7405
2021-04-01,832,100880,24540,58158,3377,8587,6043,296,79,91732,5,1463,7571
2021-04-02,1074,101898,,,,,,,,,,,
2021-04-03,1077,102970,25249,59210,3524,8736,6076,,90,,,,
2021-04-04,999,,,,,,,,,,,,
2021-04-05,890,,25828,60196,3624,8865,6171,318,,94806,23,,8490
2021-04-06,1068,105988,26141,60699,3682,8992,6294,328,96,95691,,1489,8671
2021-04-07,997,106985,26497,61164,3749,9083,6312,330,105,96626,2,1491,8728
2021-04-08,1293,108278,26945,61809,3818,9163,6363,336,101,97462,2,1493,9184
2021-04-09,1262,109540,27303,62447,3872,9295,6442,332,102,98336,2,1495,9574
2021-04-10,1283,,,,,,,,,,,,
2021-04-11,1036,,,,,,,,,,,,
2021-04-12,970,112829,28044,64404,4039,9594,6567,368,121,101216,18,1513,9937
2021-04-13,873,113702,28262,64916,4082,9666,6595,377,116,102268,2,1515,9756
2021-04-14,1168,114870,28603,65548,4146,9771,6621,397,120,103360,6,1521,9821
2021-04-15,1205,116075,28904,66278,4184,9840,6687,409,125,104331,3,1524,10052
2021-04-16,1005,117080,29163,66814,4233,9950,6738,425,127,105291,6,1530,10081
2021-04-17,1027,,,,,,,,,,,,
2021-04-18,933,,,,,,,,,,,,
2021-04-19,1000,120040,29859,68659,4341,10161,6838,441,138,108919,8,1538,9353
2021-04-20,849,120889,30106,69133,4370,10228,6869,456,148,109973,1,1539,9145
2021-04-21,862,121751,30306,69690,4395,10282,6895,483,163,111039,7,1546,8906
2021-04-22,1006,122757,30547,70290,4432,10365,6937,502,161,,4,1550,
2021-04-23,1001,123758,30762,70916,4458,10458,6976,486,160,113139,4,1554,8842
2021-04-24,881,,,,,,,,,,,,
2021-04-25,847,,,,,,,,,,,,
2021-04-26,763,126249,31228,72548,4540,10644,7080,484,158,116241,17,1571,8199
2021-04-27,799,127048,31349,73082,4568,10760,7096,500,164,117150,0,1571,8089
2021-04-28,841,127889,31520,73623,4603,10834,7116,515,171,118057,5,1576,8009
2021-04-29,853,128742,31701,74197,4633,10877,7141,503,178,118937,1,1577,7996
2021-04-30,740,129482,31864,74628,4665,10969,7163,511,174,119785,4,1581,7886
2021-05-01,835,,,,,,,,,,,,
2021-05-02,671,,,,,,,,,,,,
2021-05-03,668,131656,32302,76137,4726,11075,7223,474,176,122518,15,1596,7327
2021-05-04,697,132353,32444,76593,4745,11140,7237,486,173,123383,1,1597,7161
2021-05-05,572,132925,32562,76955,4767,11197,7250,481,161,124252,0,1594,6877
2021-05-06,694,133619,32715,77400,4784,11249,7277,457,154,125025,1,1595,6802
2021-05-07,722,134341,32830,77923,4804,11287,7303,445,157,125799,7,1602,6757
2021-05-08,596,,,,,,,,,,,,
2021-05-09,605,,,,,,,,,,,,
2021-05-10,558,136108,33143,79141,4848,11425,7357,426,150,128149,22,1624,6132
2021-05-11,515,136623,33259,79441,4868,11490,7369,426,141,128782,0,1624,6020
2021-05-12,600,137223,33409,79835,4876,11529,7378,423,141,129524,3,1627,5887
2021-05-13,587,137810,33535,80200,4897,11589,7392,413,141,,5,1632,
2021-05-14,494,138304,33675,80488,4905,11622,7418,387,141,130953,2,1634,5548
2021-05-15,443,,,,,,,,,,,,
2021-05-16,493,,,,,,,,,,,,
2021-05-17,424,139664,33966,81349,4941,11747,7465,350,132,132841,14,1648,5021
2021-05-18,411,140075,34003,81634,4953,11816,7473,360,127,133383,2,1650,4890
2021-05-19,521,140596,34080,81969,4971,11878,7502,340,118,133985,8,1658,4815
2021-05-20,357,140953,34160,82179,4983,11911,7524,331,113,134521,3,1661,4636
2021-05-21,420,141373,34244,82419,4990,11969,7555,319,107,135068,6,1667,4507
2021-05-22,356,,,,,,,,,,,,
2021-05-23,325,,,,,,,,,,,,
2021-05-24,293,,,,,,,292,96,,12,1679,3953
2021-05-25,289,142636,34471,83225,5018,12121,7603,301,93,137062,1,1680,3782
2021-05-26,250,142886,,,,,,296,97,137517,3,1683,3580
2021-05-27,378,143264,34653,83523,5036,12229,7625,286,88,,7,1690,3543
2021-05-28,317,143581,34726,83686,5041,12289,7641,292,79,138360,2,1692,3441
2021-05-29,258,,,,,,,,,,,,
2021-05-30,238,,,,,,,,,,,,
2021-05-31,212,144289,34866,84080,5059,12402,7683,249,78,139562,11,1703,2953
2021-06-01,184,144473,34194,84193,5060,12421,7685,254,80,139899,0,1703,2800
2021-06-02,194,144667,34947,84315,5062,12454,7689,246,70,140238,4,1707,2662
2021-06-03,199,144866,35015,84404,5064,12488,7695,224,62,140537,2,1709,2563
2021-06-04,183,145049,35055,84505,5067,12518,7704,224,59,140835,1,1710,2453
2021-06-05,218,,,,,,,,,,,,
2021-06-06,131,,,,,,,,,,,,
2021-06-07,133,145530,35125,84790,5076,12619,7719,199,63,,12,1722,2102
2021-06-08,165,145695,35155,84868,5086,12661,7724,203,57,141879,0,1722,2051
2021-06-09,148,145843,35178,84943,5096,12693,7732,195,47,142106,3,1725,1975
2021-06-10,153,145996,35199,85016,5107,12732,7741,176,49,142314,4,1729,1910
2021-06-11,180,146176,35210,85123,5120,12771,7751,162,45,142526,1,1730,1880
2021-06-12,96,,,,,,,,,,,,
2021-06-13,113,,,,,,,,,,,,
2021-06-14,68,146453,35246,85271,5132,12834,7767,136,42,,3,1734,1537
2021-06-15,108,146561,35257,85324,5136,12871,7770,139,39,143299,0,1734,1496
2021-06-16,113,146674,35284,85375,5140,12902,7770,134,41,143449,4,1738,1454
2021-06-17,120,146794,35297,85428,5145,12945,7775,131,44,143579,1,1739,1451
2021-06-18,109,146902,35310,85493,5145,12971,7780,128,48,143748,1,1740,1389
2021-06-19,94,,,,,,,,,,,,
2021-06-20,90,,,,,,,,,,,,
2021-06-21,45,147131,35361,85592,5150,13031,7793,108,47,144153,3,1743,1204
2021-06-22,56,147187,35373,85610,5153,13046,7800,111,41,144263,0,1743,1150
2021-06-23,87,147271,35386,85640,5156,13087,7797,109,41,144383,1,1744,1119
2021-06-24,75,147346,35043,85684,5157,13099,7798,113,34,144466,3,1747,1111
2021-06-25,72,147418,35067,85713,5161,13112,7800,108,37,144554,,1749,1096
2021-06-26,57,,,,,,,,,,,,
2021-06-27,50,,,,,,,,,,,,
2021-06-28,38,147549,35475,85781,5156,13130,7800,107,37,144848,8,1754,930
2021-06-29,29,147578,35482,85788,5159,13140,7800,110,34,144931,0,1754,876
2021-06-30,44,147621,35494,85805,5160,13154,7799,108,34,145032,0,1754,816
2021-07-01,49,,,,,,,,,,,,
2021-07-02,35,147705,35515,85841,5160,13179,7801,99,30,145200,2,1756,729
2021-07-03,30,,,,,,,,,,,,
2021-07-04,37,,,,,,,,,,,,
2021-07-05,20,147790,35518,85874,5161,13224,7802,85,30,145362,3,1759,652
2021-07-06,46,147797,35502,85884,5163,13237,7800,87,22,145420,0,1759,602
2021-07-07,59,147856,35515,85904,5166,13254,7802,86,20,145455,0,1759,624
2021-07-08,63,147919,35531,85926,5171,13273,7803,74,19,145491,1,1760,653
2021-07-09,45,148031,35545,86001,5175,13292,7803,73,19,145594,0,1760,661
2021-07-10,46,,,,,,,,,,,,
2021-07-11,47,,,,,,,,,,,,
2021-07-12,30,148154,35583,86039,5180,13334,7803,66,14,145722,0,1760,658
2021-07-13,33,148187,,,,,,66,14,,0,1760,
2021-07-14,41,148228,35598,86060,5184,13363,7806,65,11,145817,0,1760,639
2021-07-15,58,148286,35607,86082,5189,13383,7807,63,11,,1,1761,654
2021-07-16,45,148331,35615,86095,5191,13404,7808,60,12,145908,0,1761,652
2021-07-17,56,,,,,,,,,,,,
2021-07-18,60,,,,,,,,,,,,
2021-07-19,40,148487,35642,86158,5195,13462,7811,49,12,146062,2,1763,653
2021-07-20,76,147442,35651,86185,5198,13499,7811,50,12,146099,0,1763,692
2021-07-21,78,148641,35674,86206,5200,13530,7812,48,16,146142,0,1763,729
2021-07-22,89,148730,35692,86236,5203,13567,7813,53,16,146178,0,1763,781
2021-07-23,112,148842,35707,86266,5208,13626,7816,46,17,146463,4,1767,603
2021-07-24,94,,,,,,,,,,,,
2021-07-25,79,,,,,,,,,,,,
2021-07-26,94,149109,35748,86314,5226,13781,7821,43,17,146636,1,1768,695
2021-07-27,150,149259,35765,86346,5229,13876,7824,44,22,146700,0,1768,783
2021-07-28,185,149444,35791,86381,5237,13989,7826,47,20,,3,1771,909
2021-07-29,202,149646,35813,86440,5252,14091,7829,51,20,146810,0,1771,1053
2021-07-30,243,,,,,,,47,16,,,,
2021-07-31,160,,,,,,,,,,,,
2021-08-01,196,,,,,,,,,,,,
2021-08-02,185,,,,,,,,,,,,
2021-08-03,201,150631,35960,86661,5307,14617,7862,53,19,147285,1,1772,1544
2021-08-04,342,150973,36017,86727,5339,14788,7875,55,23,147409,0,1772,1764
2021-08-05,402,151375,36058,86809,5364,15022,7895,58,21,147510,0,1772,2066
2021-08-06,464,151839,36118,86881,5391,15297,7924,52,24,147627,0,1772,2411
2021-08-07,422,,,,,,,,,,,,
2021-08-08,364,,,,,,,,,,,,
2021-08-09,293,,,,,,,68,20,,5,1777,
2021-08-10,395,153313,36321,87239,5484,16071,7969,71,23,148215,0,1777,3284
2021-08-11,536,153849,36426,87374,5510,16329,7981,72,29,148446,1,1778,3585
2021-08-12,513,154362,36518,87482,5539,16600,7994,81,33,148702,1,1779,3834
2021-08-13,717,155079,36619,87622,5579,16976,8054,82,39,148964,0,1779,4277
2021-08-14,532,,,,,,,,,,,,
2021-08-15,441,,,,,,,,,,,,
2021-08-16,461,156513,36817,87938,5691,17710,8128,104,47,149553,1,1780,5090
2021-08-17,,,,,,,,,,,1,1781,
2021-08-18,553,157567,37006,88229,5757,18145,8199,107,53,150102,1,1782,5580
2021-08-19,689,158256,37129,88448,5799,18423,8226,121,56,150377,2,1784,5982
2021-08-20,663,158919,37264,88610,5853,18697,8264,129,59,150657,1,1785,6345
2021-08-21,724,,,,,,,,,,,,
2021-08-22,545,,,,,,,,,,,,
2021-08-23,442,160630,37554,89029,5986,19465,8364,133,80,153627,16,1801,5056
2021-08-24,641,161271,37679,89178,6039,19738,8403,138,78,153967,0,1801,5357
2021-08-25,698,161969,37808,89381,6108,19990,8448,139,75,154669,1,1802,5356
2021-08-26,724,162693,37950,89566,6172,20261,8510,149,83,155096,2,1804,5640
2021-08-27,867,163560,38115,89794,6235,20611,8571,159,84,155928,3,1807,5657
2021-08-28,,,,,,,,,,,,,